Price,Close
Ticker,AMCR
Date,
2012-05-15,4.707315444946289
2012-05-16,4.707315444946289
2012-05-17,4.707315444946289
2012-05-18,4.707315444946289
2012-05-21,4.707315444946289
2012-05-22,4.707315444946289
2012-05-23,4.707315444946289
2012-05-24,4.707315444946289
2012-05-25,4.707315444946289
2012-05-29,4.707315444946289
2012-05-30,4.707315444946289
2012-05-31,4.707315444946289
2012-06-01,4.707315444946289
2012-06-04,4.707315444946289
2012-06-05,4.707315444946289
2012-06-06,4.707315444946289
2012-06-07,4.523914337158203
2012-06-08,4.523914337158203
2012-06-11,4.523914337158203
2012-06-12,4.523914337158203
2012-06-13,4.523914337158203
2012-06-14,4.523914337158203
2012-06-15,4.523914337158203
2012-06-18,4.523914337158203
2012-06-19,4.523914337158203
2012-06-20,4.523914337158203
2012-06-21,4.523914337158203
2012-06-22,4.523914337158203
2012-06-25,4.523914337158203
2012-06-26,4.523914337158203
2012-06-27,4.523914337158203
2012-06-28,4.523914337158203
2012-06-29,4.523914337158203
2012-07-02,4.523914337158203
2012-07-03,4.523914337158203
2012-07-05,4.523914337158203
2012-07-06,4.523914337158203
2012-07-09,4.523914337158203
2012-07-10,4.523914337158203
2012-07-11,4.523914337158203
2012-07-12,4.523914337158203
2012-07-13,4.523914337158203
2012-07-16,4.523914337158203
2012-07-17,4.523914337158203
2012-07-18,4.523914337158203
2012-07-19,4.523914337158203
2012-07-20,4.523914337158203
2012-07-23,4.523914337158203
2012-07-24,4.523914337158203
2012-07-25,4.523914337158203
2012-07-26,4.523914337158203
2012-07-27,4.523914337158203
2012-07-30,4.523914337158203
2012-07-31,4.523914337158203
2012-08-01,4.523914337158203
2012-08-02,4.523914337158203
2012-08-03,4.523914337158203
2012-08-06,4.523914337158203
2012-08-07,4.523914337158203
2012-08-08,4.523914337158203
2012-08-09,4.523914337158203
2012-08-10,4.523914337158203
2012-08-13,4.523914337158203
2012-08-14,4.523914337158203
2012-08-15,4.523914337158203
2012-08-16,4.523914337158203
2012-08-17,4.768449783325195
2012-08-20,4.768449783325195
2012-08-21,4.768449783325195
2012-08-22,4.768449783325195
2012-08-23,4.73176908493042
2012-08-24,4.73176908493042
2012-08-27,4.73176908493042
2012-08-28,4.615614414215088
2012-08-29,4.615614414215088
2012-08-30,4.615614414215088
2012-08-31,4.615614414215088
2012-09-04,4.615614414215088
2012-09-05,4.615614414215088
2012-09-06,4.615614414215088
2012-09-07,4.615614414215088
2012-09-10,4.615614414215088
2012-09-11,4.615614414215088
2012-09-12,4.615614414215088
2012-09-13,4.615614414215088
2012-09-14,4.615614414215088
2012-09-17,4.615614414215088
2012-09-18,4.615614414215088
2012-09-19,4.615614414215088
2012-09-20,4.615614414215088
2012-09-21,4.615614414215088
2012-09-24,4.615614414215088
2012-09-25,4.615614414215088
2012-09-26,4.615614414215088
2012-09-27,4.615614414215088
2012-09-28,4.615614414215088
2012-10-01,4.615614414215088
2012-10-02,4.615614414215088
2012-10-03,4.615614414215088
2012-10-04,4.615614414215088
2012-10-05,4.615614414215088
2012-10-08,4.615614414215088
2012-10-09,4.615614414215088
2012-10-10,4.615614414215088
2012-10-11,4.615614414215088
2012-10-12,4.615614414215088
2012-10-15,4.860150337219238
2012-10-16,4.860150337219238
2012-10-17,4.860150337219238
2012-10-18,4.860150337219238
2012-10-19,4.860150337219238
2012-10-22,4.860150337219238
2012-10-23,4.860150337219238
2012-10-24,4.860150337219238
2012-10-25,4.860150337219238
2012-10-26,4.860150337219238
2012-10-31,4.860150337219238
2012-11-01,4.829583168029785
2012-11-02,4.829583168029785
2012-11-05,4.829583168029785
2012-11-06,4.829583168029785
2012-11-07,4.829583168029785
2012-11-08,4.829583168029785
2012-11-09,4.829583168029785
2012-11-12,4.829583168029785
2012-11-13,4.829583168029785
2012-11-14,4.829583168029785
2012-11-15,4.829583168029785
2012-11-16,4.829583168029785
2012-11-19,4.829583168029785
2012-11-20,4.829583168029785
2012-11-21,4.829583168029785
2012-11-23,4.829583168029785
2012-11-26,4.829583168029785
2012-11-27,4.988532543182373
2012-11-28,4.988532543182373
2012-11-29,4.988532543182373
2012-11-30,5.012985706329346
2012-12-03,5.012985706329346
2012-12-04,5.012985706329346
2012-12-05,5.012985706329346
2012-12-06,5.012985706329346
2012-12-07,5.012985706329346
2012-12-10,5.012985706329346
2012-12-11,5.012985706329346
2012-12-12,5.012985706329346
2012-12-13,5.012985706329346
2012-12-14,5.012985706329346
2012-12-17,5.012985706329346
2012-12-18,5.116913318634033
2012-12-19,5.116913318634033
2012-12-20,5.116913318634033
2012-12-21,5.116913318634033
2012-12-24,5.116913318634033
2012-12-26,5.116913318634033
2012-12-27,5.116913318634033
2012-12-28,5.116913318634033
2012-12-31,5.116913318634033
2013-01-02,5.116913318634033
2013-01-03,5.116913318634033
2013-01-04,5.116913318634033
2013-01-07,5.294201374053955
2013-01-08,5.294201374053955
2013-01-09,5.294201374053955
2013-01-10,5.294201374053955
2013-01-11,5.294201374053955
2013-01-14,5.294201374053955
2013-01-15,5.544851303100586
2013-01-16,5.593758583068848
2013-01-17,5.593758583068848
2013-01-18,5.593758583068848
2013-01-22,5.593758583068848
2013-01-23,5.404242038726807
2013-01-24,5.404242038726807
2013-01-25,5.3553361892700195
2013-01-28,5.336995601654053
2013-01-29,5.422584056854248
2013-01-30,5.422584056854248
2013-01-31,5.404242038726807
2013-02-01,5.404242038726807
2013-02-04,5.404242038726807
2013-02-05,5.440921783447266
2013-02-06,5.502056121826172
2013-02-07,5.502056121826172
2013-02-08,5.502056121826172
2013-02-11,5.526512145996094
2013-02-12,5.526512145996094
2013-02-13,5.8077263832092285
2013-02-14,5.8077263832092285
2013-02-15,5.8077263832092285
2013-02-19,5.746592998504639
2013-02-20,6.137849807739258
2013-02-21,5.862746715545654
2013-02-22,5.862746715545654
2013-02-25,5.874974727630615
2013-02-26,5.8077263832092285
2013-02-27,5.844406604766846
2013-02-28,5.844406604766846
2013-03-01,5.538738250732422
2013-03-04,5.416468143463135
2013-03-05,5.526512145996094
2013-03-06,5.636553764343262
2013-03-07,5.636553764343262
2013-03-08,5.703801155090332
2013-03-11,5.905540466308594
2013-03-12,6.0339226722717285
2013-03-13,5.8077263832092285
2013-03-14,5.9177680015563965
2013-03-15,5.9177680015563965
2013-03-18,5.9177680015563965
2013-03-19,5.593758583068848
2013-03-20,5.874974727630615
2013-03-21,5.813840389251709
2013-03-22,5.813840389251709
2013-03-25,5.874974727630615
2013-03-26,5.813840389251709
2013-03-27,5.905540466308594
2013-03-28,5.966676235198975
2013-04-01,5.844406604766846
2013-04-02,6.082828998565674
2013-04-03,6.082828998565674
2013-04-04,6.082828998565674
2013-04-05,6.082828998565674
2013-04-08,5.9788994789123535
2013-04-09,5.960561752319336
2013-04-10,6.1684184074401855
2013-04-11,6.327367782592773
2013-04-12,6.266231536865234
2013-04-15,6.266231536865234
2013-04-16,6.0216965675354
2013-04-17,6.0216965675354
2013-04-18,6.0216965675354
2013-04-19,5.899428367614746
2013-04-22,5.899428367614746
2013-04-23,5.850521087646484
2013-04-24,6.211211681365967
2013-04-25,6.235665321350098
2013-04-26,6.235665321350098
2013-04-29,6.107281684875488
2013-04-30,6.14396333694458
2013-05-01,6.235665321350098
2013-05-02,6.235665321350098
2013-05-03,6.235665321350098
2013-05-06,6.235665321350098
2013-05-07,6.052263259887695
2013-05-08,6.040035724639893
2013-05-09,6.0216965675354
2013-05-10,6.082828998565674
2013-05-13,6.082828998565674
2013-05-14,6.290685653686523
2013-05-15,6.107281684875488
2013-05-16,6.107281684875488
2013-05-17,5.887202262878418
2013-05-20,5.887202262878418
2013-05-21,5.850521087646484
2013-05-22,5.850521087646484
2013-05-23,6.0339226722717285
2013-05-24,6.0339226722717285
2013-05-28,5.899428367614746
2013-05-29,5.899428367614746
2013-05-30,6.015582084655762
2013-05-31,5.874974727630615
2013-06-03,5.874974727630615
2013-06-04,5.685459136962891
2013-06-05,5.685459136962891
2013-06-06,5.544851303100586
2013-06-07,5.544851303100586
2013-06-10,5.56318998336792
2013-06-11,5.56318998336792
2013-06-12,5.636553764343262
2013-06-13,5.636553764343262
2013-06-14,5.636553764343262
2013-06-17,5.636553764343262
2013-06-18,5.636553764343262
2013-06-19,5.636553764343262
2013-06-20,5.379788875579834
2013-06-21,5.379788875579834
2013-06-24,5.60598611831665
2013-06-25,5.764934062957764
2013-06-26,5.764934062957764
2013-06-27,5.764934062957764
2013-06-28,5.612098693847656
2013-07-01,5.648777961730957
2013-07-02,5.722140312194824
2013-07-03,5.722140312194824
2013-07-05,5.722140312194824
2013-07-08,5.722140312194824
2013-07-09,5.722140312194824
2013-07-10,5.722140312194824
2013-07-11,5.9788994789123535
2013-07-12,5.9788994789123535
2013-07-15,5.9788994789123535
2013-07-16,6.113396644592285
2013-07-17,6.101168632507324
2013-07-18,6.101168632507324
2013-07-19,6.101168632507324
2013-07-22,6.101168632507324
2013-07-23,5.8077263832092285
2013-07-24,5.8077263832092285
2013-07-25,5.789388179779053
2013-07-26,5.789388179779053
2013-07-29,5.826066970825195
2013-07-30,5.826066970825195
2013-07-31,5.868861198425293
2013-08-01,5.868861198425293
2013-08-02,5.868861198425293
2013-08-05,5.960561752319336
2013-08-06,5.960561752319336
2013-08-07,5.960561752319336
2013-08-08,5.923882484436035
2013-08-09,5.923882484436035
2013-08-12,5.923882484436035
2013-08-13,5.923882484436035
2013-08-14,6.082828998565674
2013-08-15,6.082828998565674
2013-08-16,6.082828998565674
2013-08-19,5.8077263832092285
2013-08-20,5.868861198425293
2013-08-21,5.960561752319336
2013-08-22,5.960561752319336
2013-08-23,5.960561752319336
2013-08-26,5.960561752319336
2013-08-27,5.960561752319336
2013-08-28,5.71602725982666
2013-08-29,5.728253364562988
2013-08-30,5.746592998504639
2013-09-03,5.746592998504639
2013-09-04,5.746592998504639
2013-09-05,5.746592998504639
2013-09-06,6.027808666229248
2013-09-09,6.040035724639893
2013-09-10,6.040035724639893
2013-09-11,6.1500773429870605
2013-09-12,6.1500773429870605
2013-09-13,6.1500773429870605
2013-09-16,6.1500773429870605
2013-09-17,6.321252346038818
2013-09-18,6.321252346038818
2013-09-19,6.101168632507324
2013-09-20,6.070602893829346
2013-09-23,6.070602893829346
2013-09-24,5.887202262878418
2013-09-25,5.887202262878418
2013-09-26,5.887202262878418
2013-09-27,5.887202262878418
2013-09-30,6.0216965675354
2013-10-01,5.972789764404297
2013-10-02,6.046149253845215
2013-10-03,6.027808666229248
2013-10-04,6.101168632507324
2013-10-07,6.101168632507324
2013-10-08,6.015582084655762
2013-10-09,6.015582084655762
2013-10-10,5.868861198425293
2013-10-11,5.868861198425293
2013-10-14,5.868861198425293
2013-10-15,5.868861198425293
2013-10-16,6.14396333694458
2013-10-17,6.235665321350098
2013-10-18,6.180644512176514
2013-10-21,6.38850212097168
2013-10-22,6.38850212097168
2013-10-23,6.38850212097168
2013-10-24,6.35793399810791
2013-10-25,6.296799659729004
2013-10-28,6.296799659729004
2013-10-29,6.095057010650635
2013-10-30,6.296799659729004
2013-10-31,6.296799659729004
2013-11-01,6.296799659729004
2013-11-04,6.296799659729004
2013-11-05,6.321252346038818
2013-11-06,6.376274108886719
2013-11-07,6.327367782592773
2013-11-08,6.254005432128906
2013-11-11,6.254005432128906
2013-11-12,6.35793399810791
2013-11-13,6.254005432128906
2013-11-14,6.254005432128906
2013-11-15,6.254005432128906
2013-11-18,6.455748081207275
2013-11-19,6.4312944412231445
2013-11-20,6.382387638092041
2013-11-21,6.382387638092041
2013-11-22,6.211211681365967
2013-11-25,6.284571170806885
2013-11-26,6.2234392166137695
2013-11-27,6.2234392166137695
2013-11-29,6.205097675323486
2013-12-02,6.125624656677246
2013-12-03,6.125624656677246
2013-12-04,6.113396644592285
2013-12-05,6.113396644592285
2013-12-06,6.235665321350098
2013-12-09,6.180644512176514
2013-12-10,6.180644512176514
2013-12-11,6.241779327392578
2013-12-12,6.241779327392578
2013-12-13,6.2234392166137695
2013-12-16,6.35793399810791
2013-12-17,6.296799659729004
2013-12-18,5.673231601715088
2013-12-19,5.69768762588501
2013-12-20,5.728253364562988
2013-12-23,5.795499801635742
2013-12-24,5.795499801635742
2013-12-26,5.777161121368408
2013-12-27,5.777161121368408
2013-12-30,5.685459136962891
2013-12-31,5.685459136962891
2014-01-02,5.819954872131348
2014-01-03,5.764934062957764
2014-01-06,5.764934062957764
2014-01-07,5.777161121368408
2014-01-08,5.801614761352539
2014-01-09,5.771047592163086
2014-01-10,5.7588210105896
2014-01-13,5.7588210105896
2014-01-14,5.618210315704346
2014-01-15,5.618210315704346
2014-01-16,5.514284610748291
2014-01-17,5.654892921447754
2014-01-21,5.654892921447754
2014-01-22,5.661006927490234
2014-01-23,5.7588210105896
2014-01-24,5.7588210105896
2014-01-27,5.7588210105896
2014-01-28,5.56318998336792
2014-01-29,5.7099127769470215
2014-01-30,5.685459136962891
2014-01-31,5.69768762588501
2014-02-03,5.69768762588501
2014-02-04,5.69768762588501
2014-02-05,5.661006927490234
2014-02-06,5.661006927490234
2014-02-07,5.764934062957764
2014-02-10,5.819954872131348
2014-02-11,5.819954872131348
2014-02-12,6.015582084655762
2014-02-13,6.015582084655762
2014-02-14,6.015582084655762
2014-02-18,6.015582084655762
2014-02-19,6.015582084655762
2014-02-20,5.991129398345947
2014-02-21,5.862746715545654
2014-02-24,5.862746715545654
2014-02-25,5.972354412078857
2014-02-26,5.972354412078857
2014-02-27,5.972354412078857
2014-02-28,5.972354412078857
2014-03-03,5.972354412078857
2014-03-04,5.766841888427734
2014-03-05,5.766841888427734
2014-03-06,5.766841888427734
2014-03-07,5.698336124420166
2014-03-10,5.698336124420166
2014-03-11,5.698336124420166
2014-03-12,5.698336124420166
2014-03-13,5.698336124420166
2014-03-14,5.698336124420166
2014-03-17,5.698336124420166
2014-03-18,5.698336124420166
2014-03-19,5.698336124420166
2014-03-20,5.698336124420166
2014-03-21,5.698336124420166
2014-03-24,5.698336124420166
2014-03-25,5.698336124420166
2014-03-26,5.698336124420166
2014-03-27,5.698336124420166
2014-03-28,5.698336124420166
2014-03-31,5.698336124420166
2014-04-01,5.698336124420166
2014-04-02,5.698336124420166
2014-04-03,5.698336124420166
2014-04-04,5.860256671905518
2014-04-07,5.860256671905518
2014-04-08,5.860256671905518
2014-04-09,5.860256671905518
2014-04-10,5.860256671905518
2014-04-11,5.860256671905518
2014-04-14,5.860256671905518
2014-04-15,5.860256671905518
2014-04-16,5.860256671905518
2014-04-17,5.860256671905518
2014-04-21,5.860256671905518
2014-04-22,5.9100799560546875
2014-04-23,5.9100799560546875
2014-04-24,5.9100799560546875
2014-04-25,5.9100799560546875
2014-04-28,5.9100799560546875
2014-04-29,5.9100799560546875
2014-04-30,5.9100799560546875
2014-05-01,5.9100799560546875
2014-05-02,5.9100799560546875
2014-05-05,5.9100799560546875
2014-05-06,5.978583812713623
2014-05-07,5.978583812713623
2014-05-08,5.978583812713623
2014-05-09,5.978583812713623
2014-05-12,5.978583812713623
2014-05-13,5.978583812713623
2014-05-14,6.1031365394592285
2014-05-15,6.1031365394592285
2014-05-16,6.040858745574951
2014-05-19,6.040858745574951
2014-05-20,6.040858745574951
2014-05-21,6.040858745574951
2014-05-22,6.040858745574951
2014-05-23,6.040858745574951
2014-05-27,6.040858745574951
2014-05-28,6.040858745574951
2014-05-29,6.040858745574951
2014-05-30,6.040858745574951
2014-06-02,6.040858745574951
2014-06-03,6.040858745574951
2014-06-04,6.040858745574951
2014-06-05,6.040858745574951
2014-06-06,6.040858745574951
2014-06-09,6.040858745574951
2014-06-10,6.040858745574951
2014-06-11,6.040858745574951
2014-06-12,6.040858745574951
2014-06-13,6.040858745574951
2014-06-16,6.040858745574951
2014-06-17,6.040858745574951
2014-06-18,6.040858745574951
2014-06-19,6.040858745574951
2014-06-20,6.040858745574951
2014-06-23,6.134274005889893
2014-06-24,6.134274005889893
2014-06-25,6.134274005889893
2014-06-26,6.134274005889893
2014-06-27,6.134274005889893
2014-06-30,6.134274005889893
2014-07-01,6.134274005889893
2014-07-02,6.134274005889893
2014-07-03,6.134274005889893
2014-07-07,6.134274005889893
2014-07-08,6.134274005889893
2014-07-09,6.134274005889893
2014-07-10,6.134274005889893
2014-07-11,6.134274005889893
2014-07-14,6.06577205657959
2014-07-15,6.06577205657959
2014-07-16,6.06577205657959
2014-07-17,5.92253303527832
2014-07-18,5.92253303527832
2014-07-21,5.92253303527832
2014-07-22,5.92253303527832
2014-07-23,5.92253303527832
2014-07-24,5.92253303527832
2014-07-25,5.92253303527832
2014-07-28,5.92253303527832
2014-07-29,5.92253303527832
2014-07-30,5.92253303527832
2014-07-31,5.92253303527832
2014-08-01,5.92253303527832
2014-08-04,5.92253303527832
2014-08-05,5.92253303527832
2014-08-06,5.92253303527832
2014-08-07,5.92253303527832
2014-08-08,5.92253303527832
2014-08-11,5.92253303527832
2014-08-12,5.92253303527832
2014-08-13,5.92253303527832
2014-08-14,5.92253303527832
2014-08-15,5.92253303527832
2014-08-18,5.92253303527832
2014-08-19,5.92253303527832
2014-08-20,5.92253303527832
2014-08-21,5.92253303527832
2014-08-22,5.92253303527832
2014-08-25,5.92253303527832
2014-08-26,5.92253303527832
2014-08-27,5.92253303527832
2014-08-28,5.92253303527832
2014-08-29,5.92253303527832
2014-09-02,6.062135219573975
2014-09-03,6.062135219573975
2014-09-04,6.062135219573975
2014-09-05,6.062135219573975
2014-09-08,6.5529704093933105
2014-09-09,6.5529704093933105
2014-09-10,6.5529704093933105
2014-09-11,6.5529704093933105
2014-09-12,6.5529704093933105
2014-09-15,6.5529704093933105
2014-09-16,6.5529704093933105
2014-09-17,6.5529704093933105
2014-09-18,6.5529704093933105
2014-09-19,6.5529704093933105
2014-09-22,6.5529704093933105
2014-09-23,6.5529704093933105
2014-09-24,6.5529704093933105
2014-09-25,6.5529704093933105
2014-09-26,6.5529704093933105
2014-09-29,6.5529704093933105
2014-09-30,6.5529704093933105
2014-10-01,6.5529704093933105
2014-10-02,6.5529704093933105
2014-10-03,6.5529704093933105
2014-10-06,6.5529704093933105
2014-10-07,6.5529704093933105
2014-10-08,6.5529704093933105
2014-10-09,6.272491455078125
2014-10-10,6.272491455078125
2014-10-13,6.272491455078125
2014-10-14,6.272491455078125
2014-10-15,6.272491455078125
2014-10-16,6.272491455078125
2014-10-17,6.272491455078125
2014-10-20,6.272491455078125
2014-10-21,6.272491455078125
2014-10-22,6.272491455078125
2014-10-23,6.272491455078125
2014-10-24,6.272491455078125
2014-10-27,6.272491455078125
2014-10-28,6.272491455078125
2014-10-29,6.272491455078125
2014-10-30,6.272491455078125
2014-10-31,6.272491455078125
2014-11-03,6.272491455078125
2014-11-04,6.272491455078125
2014-11-05,6.431854248046875
2014-11-06,6.59121561050415
2014-11-07,6.59121561050415
2014-11-10,6.59121561050415
2014-11-11,6.648587703704834
2014-11-12,6.648587703704834
2014-11-13,6.648587703704834
2014-11-14,6.648587703704834
2014-11-17,6.648587703704834
2014-11-18,6.648587703704834
2014-11-19,6.648587703704834
2014-11-20,6.648587703704834
2014-11-21,6.648587703704834
2014-11-24,6.648587703704834
2014-11-25,6.648587703704834
2014-11-26,6.648587703704834
2014-11-28,6.648587703704834
2014-12-01,6.648587703704834
2014-12-02,6.648587703704834
2014-12-03,6.648587703704834
2014-12-04,6.648587703704834
2014-12-05,6.648587703704834
2014-12-08,6.648587703704834
2014-12-09,6.648587703704834
2014-12-10,6.686836242675781
2014-12-11,6.686836242675781
2014-12-12,6.686836242675781
2014-12-15,6.686836242675781
2014-12-16,6.686836242675781
2014-12-17,6.750578880310059
2014-12-18,6.750578880310059
2014-12-19,6.750578880310059
2014-12-22,6.750578880310059
2014-12-23,6.750578880310059
2014-12-24,6.750578880310059
2014-12-26,6.750578880310059
2014-12-29,7.139425277709961
2014-12-30,7.139425277709961
2014-12-31,7.139425277709961
2015-01-02,7.139425277709961
2015-01-05,7.139425277709961
2015-01-06,7.139425277709961
2015-01-07,6.833449363708496
2015-01-08,6.833449363708496
2015-01-09,6.833449363708496
2015-01-12,6.833449363708496
2015-01-13,6.833449363708496
2015-01-14,6.833449363708496
2015-01-15,6.833449363708496
2015-01-16,6.833449363708496
2015-01-20,6.833449363708496
2015-01-21,6.833449363708496
2015-01-22,6.833449363708496
2015-01-23,6.833449363708496
2015-01-26,6.833449363708496
2015-01-27,6.833449363708496
2015-01-28,6.361734390258789
2015-01-29,6.266117572784424
2015-01-30,6.266117572784424
2015-02-02,6.266117572784424
2015-02-03,6.266117572784424
2015-02-04,6.361734390258789
2015-02-05,6.361734390258789
2015-02-06,6.361734390258789
2015-02-09,6.495599269866943
2015-02-10,6.527473449707031
2015-02-11,6.527473449707031
2015-02-12,6.527473449707031
2015-02-13,6.527473449707031
2015-02-17,6.527473449707031
2015-02-18,6.527473449707031
2015-02-19,6.527473449707031
2015-02-20,6.527473449707031
2015-02-23,6.527473449707031
2015-02-24,6.527473449707031
2015-02-25,6.527473449707031
2015-02-26,6.527473449707031
2015-02-27,6.527473449707031
2015-03-02,6.527473449707031
2015-03-03,6.527473449707031
2015-03-04,6.527473449707031
2015-03-05,6.527473449707031
2015-03-06,6.527473449707031
2015-03-09,6.527473449707031
2015-03-10,6.527473449707031
2015-03-11,6.527473449707031
2015-03-12,6.527473449707031
2015-03-13,6.527473449707031
2015-03-16,6.527473449707031
2015-03-17,6.884442329406738
2015-03-18,6.884442329406738
2015-03-19,6.884442329406738
2015-03-20,6.884442329406738
2015-03-23,6.884442329406738
2015-03-24,6.884442329406738
2015-03-25,6.884442329406738
2015-03-26,6.884442329406738
2015-03-27,6.884442329406738
2015-03-30,6.884442329406738
2015-03-31,6.763328552246094
2015-04-01,6.763328552246094
2015-04-02,6.763328552246094
2015-04-06,6.763328552246094
2015-04-07,6.763328552246094
2015-04-08,6.763328552246094
2015-04-09,6.763328552246094
2015-04-10,6.763328552246094
2015-04-13,6.763328552246094
2015-04-14,6.763328552246094
2015-04-15,6.763328552246094
2015-04-16,6.763328552246094
2015-04-17,6.763328552246094
2015-04-20,6.763328552246094
2015-04-21,6.763328552246094
2015-04-22,6.763328552246094
2015-04-23,6.763328552246094
2015-04-24,6.763328552246094
2015-04-27,6.763328552246094
2015-04-28,6.763328552246094
2015-04-29,6.763328552246094
2015-04-30,6.763328552246094
2015-05-01,6.763328552246094
2015-05-04,6.763328552246094
2015-05-05,6.763328552246094
2015-05-06,6.763328552246094
2015-05-07,6.661336898803711
2015-05-08,6.763328552246094
2015-05-11,6.763328552246094
2015-05-12,6.763328552246094
2015-05-13,6.763328552246094
2015-05-14,6.763328552246094
2015-05-15,6.763328552246094
2015-05-18,6.763328552246094
2015-05-19,6.763328552246094
2015-05-20,6.763328552246094
2015-05-21,6.763328552246094
2015-05-22,6.763328552246094
2015-05-26,6.763328552246094
2015-05-27,6.763328552246094
2015-05-28,6.763328552246094
2015-05-29,6.763328552246094
2015-06-01,6.763328552246094
2015-06-02,6.763328552246094
2015-06-03,6.763328552246094
2015-06-04,6.763328552246094
2015-06-05,6.763328552246094
2015-06-08,6.763328552246094
2015-06-09,6.763328552246094
2015-06-10,6.763328552246094
2015-06-11,6.763328552246094
2015-06-12,6.763328552246094
2015-06-15,6.763328552246094
2015-06-16,6.763328552246094
2015-06-17,6.763328552246094
2015-06-18,6.763328552246094
2015-06-19,6.763328552246094
2015-06-22,6.763328552246094
2015-06-23,6.763328552246094
2015-06-24,6.763328552246094
2015-06-25,6.763328552246094
2015-06-26,6.763328552246094
2015-06-29,6.763328552246094
2015-06-30,6.763328552246094
2015-07-01,6.763328552246094
2015-07-02,6.763328552246094
2015-07-06,6.763328552246094
2015-07-07,6.763328552246094
2015-07-08,6.763328552246094
2015-07-09,6.763328552246094
2015-07-10,6.763328552246094
2015-07-13,6.763328552246094
2015-07-14,6.763328552246094
2015-07-15,6.763328552246094
2015-07-16,6.763328552246094
2015-07-17,6.763328552246094
2015-07-20,6.763328552246094
2015-07-21,6.763328552246094
2015-07-22,6.680459022521973
2015-07-23,6.680459022521973
2015-07-24,6.680459022521973
2015-07-27,6.680459022521973
2015-07-28,6.629465579986572
2015-07-29,6.629465579986572
2015-07-30,6.629465579986572
2015-07-31,6.629465579986572
2015-08-03,6.565718650817871
2015-08-04,6.565718650817871
2015-08-05,6.565718650817871
2015-08-06,6.565718650817871
2015-08-07,6.565718650817871
2015-08-10,6.565718650817871
2015-08-11,6.565718650817871
2015-08-12,6.565718650817871
2015-08-13,6.565718650817871
2015-08-14,6.565718650817871
2015-08-17,6.565718650817871
2015-08-18,6.565718650817871
2015-08-19,6.565718650817871
2015-08-20,6.565718650817871
2015-08-21,6.565718650817871
2015-08-24,6.565718650817871
2015-08-25,6.565718650817871
2015-08-26,6.565718650817871
2015-08-27,5.992015838623047
2015-08-28,5.992015838623047
2015-08-31,5.992015838623047
2015-09-01,5.992015838623047
2015-09-02,5.992015838623047
2015-09-03,5.992015838623047
2015-09-04,5.992015838623047
2015-09-08,6.120282173156738
2015-09-09,6.120282173156738
2015-09-10,6.120282173156738
2015-09-11,6.120282173156738
2015-09-14,6.120282173156738
2015-09-15,6.120282173156738
2015-09-16,6.120282173156738
2015-09-17,6.120282173156738
2015-09-18,6.120282173156738
2015-09-21,6.120282173156738
2015-09-22,6.120282173156738
2015-09-23,6.120282173156738
2015-09-24,6.120282173156738
2015-09-25,6.120282173156738
2015-09-28,6.120282173156738
2015-09-29,6.120282173156738
2015-09-30,6.120282173156738
2015-10-01,6.120282173156738
2015-10-02,6.120282173156738
2015-10-05,6.120282173156738
2015-10-06,6.120282173156738
2015-10-07,6.120282173156738
2015-10-08,6.120282173156738
2015-10-09,6.120282173156738
2015-10-12,6.120282173156738
2015-10-13,6.120282173156738
2015-10-14,6.120282173156738
2015-10-15,6.146325588226318
2015-10-16,6.146325588226318
2015-10-19,6.146325588226318
2015-10-20,6.146325588226318
2015-10-21,6.146325588226318
2015-10-22,6.146325588226318
2015-10-23,6.146325588226318
2015-10-26,6.146325588226318
2015-10-27,6.146325588226318
2015-10-28,6.146325588226318
2015-10-29,6.146325588226318
2015-10-30,6.146325588226318
2015-11-02,6.146325588226318
2015-11-03,6.146325588226318
2015-11-04,6.146325588226318
2015-11-05,6.1398138999938965
2015-11-06,6.1398138999938965
2015-11-09,6.1398138999938965
2015-11-10,6.1398138999938965
2015-11-11,6.1398138999938965
2015-11-12,6.28956413269043
2015-11-13,6.28956413269043
2015-11-16,6.28956413269043
2015-11-17,6.28956413269043
2015-11-18,6.28956413269043
2015-11-19,6.28956413269043
2015-11-20,6.28956413269043
2015-11-23,6.28956413269043
2015-11-24,6.28956413269043
2015-11-25,6.28956413269043
2015-11-27,6.28956413269043
2015-11-30,6.28956413269043
2015-12-01,6.28956413269043
2015-12-02,6.28956413269043
2015-12-03,6.28956413269043
2015-12-04,6.28956413269043
2015-12-07,6.28956413269043
2015-12-08,6.28956413269043
2015-12-09,6.204922676086426
2015-12-10,6.204922676086426
2015-12-11,6.204922676086426
2015-12-14,6.204922676086426
2015-12-15,6.204922676086426
2015-12-16,6.204922676086426
2015-12-17,6.204922676086426
2015-12-18,6.204922676086426
2015-12-21,6.094237804412842
2015-12-22,6.204922676086426
2015-12-23,6.204922676086426
2015-12-24,6.204922676086426
2015-12-28,6.204922676086426
2015-12-29,6.204922676086426
2015-12-30,6.204922676086426
2015-12-31,6.283054351806641
2016-01-04,6.283054351806641
2016-01-05,6.146325588226318
2016-01-06,6.146325588226318
2016-01-07,6.146325588226318
2016-01-08,6.146325588226318
2016-01-11,5.892398834228516
2016-01-12,5.664515495300293
2016-01-13,5.664515495300293
2016-01-14,5.664515495300293
2016-01-15,5.664515495300293
2016-01-19,5.664515495300293
2016-01-20,5.664515495300293
2016-01-21,5.664515495300293
2016-01-22,5.664515495300293
2016-01-25,5.664515495300293
2016-01-26,5.664515495300293
2016-01-27,5.664515495300293
2016-01-28,5.664515495300293
2016-01-29,5.664515495300293
2016-02-01,5.664515495300293
2016-02-02,5.664515495300293
2016-02-03,5.664515495300293
2016-02-04,5.664515495300293
2016-02-05,5.664515495300293
2016-02-08,5.664515495300293
2016-02-09,5.664515495300293
2016-02-10,5.664515495300293
2016-02-11,5.664515495300293
2016-02-12,5.664515495300293
2016-02-16,5.664515495300293
2016-02-17,5.664515495300293
2016-02-18,5.664515495300293
2016-02-19,5.664515495300293
2016-02-22,5.664515495300293
2016-02-23,5.793026924133301
2016-02-24,5.793026924133301
2016-02-25,5.793026924133301
2016-02-26,5.793026924133301
2016-02-29,5.793026924133301
2016-03-01,5.793026924133301
2016-03-02,5.793026924133301
2016-03-03,5.793026924133301
2016-03-04,5.793026924133301
2016-03-07,5.793026924133301
2016-03-08,5.793026924133301
2016-03-09,5.793026924133301
2016-03-10,6.971609115600586
2016-03-11,6.971609115600586
2016-03-14,6.971609115600586
2016-03-15,6.971609115600586
2016-03-16,6.971609115600586
2016-03-17,6.971609115600586
2016-03-18,6.971609115600586
2016-03-21,6.971609115600586
2016-03-22,6.971609115600586
2016-03-23,6.971609115600586
2016-03-24,6.971609115600586
2016-03-28,6.971609115600586
2016-03-29,6.971609115600586
2016-03-30,6.971609115600586
2016-03-31,6.971609115600586
2016-04-01,6.971609115600586
2016-04-04,6.971609115600586
2016-04-05,6.971609115600586
2016-04-06,6.971609115600586
2016-04-07,7.224637508392334
2016-04-08,7.224637508392334
2016-04-11,7.324517726898193
2016-04-12,7.324517726898193
2016-04-13,7.324517726898193
2016-04-14,7.324517726898193
2016-04-15,7.324517726898193
2016-04-18,7.324517726898193
2016-04-19,7.324517726898193
2016-04-20,7.324517726898193
2016-04-21,7.324517726898193
2016-04-22,7.324517726898193
2016-04-25,7.324517726898193
2016-04-26,7.324517726898193
2016-04-27,7.324517726898193
2016-04-28,7.324517726898193
2016-04-29,7.324517726898193
2016-05-02,7.324517726898193
2016-05-03,7.324517726898193
2016-05-04,7.830575942993164
2016-05-05,7.830575942993164
2016-05-06,7.830575942993164
2016-05-09,7.830575942993164
2016-05-10,7.830575942993164
2016-05-11,7.830575942993164
2016-05-12,7.830575942993164
2016-05-13,7.830575942993164
2016-05-16,7.830575942993164
2016-05-17,7.830575942993164
2016-05-18,7.830575942993164
2016-05-19,7.830575942993164
2016-05-20,7.830575942993164
2016-05-23,7.830575942993164
2016-05-24,7.830575942993164
2016-05-25,7.830575942993164
2016-05-26,7.830575942993164
2016-05-27,7.830575942993164
2016-05-31,7.830575942993164
2016-06-01,7.830575942993164
2016-06-02,7.830575942993164
2016-06-03,7.830575942993164
2016-06-06,7.830575942993164
2016-06-07,7.937112331390381
2016-06-08,7.937112331390381
2016-06-09,7.444373607635498
2016-06-10,7.444373607635498
2016-06-13,7.444373607635498
2016-06-14,7.444373607635498
2016-06-15,7.444373607635498
2016-06-16,7.444373607635498
2016-06-17,7.444373607635498
2016-06-20,7.444373607635498
2016-06-21,7.444373607635498
2016-06-22,7.444373607635498
2016-06-23,7.444373607635498
2016-06-24,7.444373607635498
2016-06-27,7.444373607635498
2016-06-28,7.444373607635498
2016-06-29,7.444373607635498
2016-06-30,7.444373607635498
2016-07-01,7.3911051750183105
2016-07-05,7.3911051750183105
2016-07-06,7.3911051750183105
2016-07-07,7.3911051750183105
2016-07-08,7.3911051750183105
2016-07-11,7.3911051750183105
2016-07-12,7.3911051750183105
2016-07-13,7.3911051750183105
2016-07-14,7.3911051750183105
2016-07-15,7.3911051750183105
2016-07-18,7.3911051750183105
2016-07-19,7.3911051750183105
2016-07-20,7.3911051750183105
2016-07-21,7.3911051750183105
2016-07-22,7.3911051750183105
2016-07-25,7.3911051750183105
2016-07-26,7.3911051750183105
2016-07-27,7.3911051750183105
2016-07-28,7.4909844398498535
2016-07-29,7.4909844398498535
2016-08-01,7.4909844398498535
2016-08-02,7.4909844398498535
2016-08-03,7.4909844398498535
2016-08-04,7.4909844398498535
2016-08-05,7.4909844398498535
2016-08-08,7.4909844398498535
2016-08-09,7.4909844398498535
2016-08-10,7.4909844398498535
2016-08-11,7.4909844398498535
2016-08-12,7.4909844398498535
2016-08-15,7.4909844398498535
2016-08-16,7.4909844398498535
2016-08-17,7.797282695770264
2016-08-18,7.797282695770264
2016-08-19,7.797282695770264
2016-08-22,7.797282695770264
2016-08-23,7.797282695770264
2016-08-24,7.797282695770264
2016-08-25,7.797282695770264
2016-08-26,7.797282695770264
2016-08-29,7.797282695770264
2016-08-30,7.797282695770264
2016-08-31,7.797282695770264
2016-09-01,7.797282695770264
2016-09-02,7.797282695770264
2016-09-06,7.946577072143555
2016-09-07,7.946577072143555
2016-09-08,7.946577072143555
2016-09-09,7.946577072143555
2016-09-12,7.946577072143555
2016-09-13,7.946577072143555
2016-09-14,7.946577072143555
2016-09-15,7.946577072143555
2016-09-16,7.946577072143555
2016-09-19,7.946577072143555
2016-09-20,7.946577072143555
2016-09-21,7.946577072143555
2016-09-22,7.946577072143555
2016-09-23,7.946577072143555
2016-09-26,7.946577072143555
2016-09-27,7.946577072143555
2016-09-28,7.946577072143555
2016-09-29,7.946577072143555
2016-09-30,7.946577072143555
2016-10-03,7.946577072143555
2016-10-04,7.946577072143555
2016-10-05,7.946577072143555
2016-10-06,7.946577072143555
2016-10-07,7.946577072143555
2016-10-10,7.946577072143555
2016-10-11,7.946577072143555
2016-10-12,7.946577072143555
2016-10-13,7.946577072143555
2016-10-14,7.946577072143555
2016-10-17,7.946577072143555
2016-10-18,7.946577072143555
2016-10-19,7.946577072143555
2016-10-20,7.946577072143555
2016-10-21,7.946577072143555
2016-10-24,7.946577072143555
2016-10-25,7.946577072143555
2016-10-26,7.946577072143555
2016-10-27,7.946577072143555
2016-10-28,7.946577072143555
2016-10-31,7.946577072143555
2016-11-01,7.946577072143555
2016-11-02,7.946577072143555
2016-11-03,7.946577072143555
2016-11-04,7.946577072143555
2016-11-07,7.946577072143555
2016-11-08,7.946577072143555
2016-11-09,7.946577072143555
2016-11-10,7.946577072143555
2016-11-11,7.946577072143555
2016-11-14,7.946577072143555
2016-11-15,7.946577072143555
2016-11-16,7.946577072143555
2016-11-17,7.946577072143555
2016-11-18,7.946577072143555
2016-11-21,7.946577072143555
2016-11-22,7.946577072143555
2016-11-23,7.946577072143555
2016-11-25,7.946577072143555
2016-11-28,7.946577072143555
2016-11-29,7.946577072143555
2016-11-30,7.946577072143555
2016-12-01,7.946577072143555
2016-12-02,7.946577072143555
2016-12-05,7.946577072143555
2016-12-06,7.946577072143555
2016-12-07,7.946577072143555
2016-12-08,7.946577072143555
2016-12-09,7.3561811447143555
2016-12-12,7.3561811447143555
2016-12-13,7.2136735916137695
2016-12-14,7.2136735916137695
2016-12-15,7.2136735916137695
2016-12-16,7.2136735916137695
2016-12-19,7.2136735916137695
2016-12-20,7.2136735916137695
2016-12-21,7.2136735916137695
2016-12-22,7.2136735916137695
2016-12-23,7.2136735916137695
2016-12-27,7.2136735916137695
2016-12-28,7.2136735916137695
2016-12-29,7.2136735916137695
2016-12-30,7.2136735916137695
2017-01-03,7.2136735916137695
2017-01-04,7.2136735916137695
2017-01-05,7.2136735916137695
2017-01-06,7.2136735916137695
2017-01-09,7.2136735916137695
2017-01-10,7.2136735916137695
2017-01-11,7.2136735916137695
2017-01-12,7.2136735916137695
2017-01-13,7.2136735916137695
2017-01-17,7.2136735916137695
2017-01-18,7.2136735916137695
2017-01-19,7.2136735916137695
2017-01-20,7.2136735916137695
2017-01-23,7.2136735916137695
2017-01-24,7.2136735916137695
2017-01-25,7.2136735916137695
2017-01-26,7.2136735916137695
2017-01-27,7.2136735916137695
2017-01-30,7.2136735916137695
2017-01-31,7.2136735916137695
2017-02-01,7.2136735916137695
2017-02-02,7.2136735916137695
2017-02-03,7.2136735916137695
2017-02-06,7.2136735916137695
2017-02-07,7.2136735916137695
2017-02-08,7.2136735916137695
2017-02-09,7.2136735916137695
2017-02-10,7.2136735916137695
2017-02-13,7.2136735916137695
2017-02-14,7.2136735916137695
2017-02-15,7.2136735916137695
2017-02-16,7.2136735916137695
2017-02-17,7.2136735916137695
2017-02-21,7.2136735916137695
2017-02-22,7.2136735916137695
2017-02-23,7.2136735916137695
2017-02-24,7.350589275360107
2017-02-27,7.350589275360107
2017-02-28,7.350589275360107
2017-03-01,7.350589275360107
2017-03-02,7.350589275360107
2017-03-03,7.350589275360107
2017-03-06,7.350589275360107
2017-03-07,7.419739246368408
2017-03-08,7.419739246368408
2017-03-09,7.3090996742248535
2017-03-10,7.3090996742248535
2017-03-13,7.3090996742248535
2017-03-14,7.3090996742248535
2017-03-15,7.3090996742248535
2017-03-16,7.537292003631592
2017-03-17,7.537292003631592
2017-03-20,7.537292003631592
2017-03-21,7.737825393676758
2017-03-22,7.737825393676758
2017-03-23,7.737825393676758
2017-03-24,7.737825393676758
2017-03-27,7.952188491821289
2017-03-28,7.952188491821289
2017-03-29,7.952188491821289
2017-03-30,7.986763954162598
2017-03-31,7.986763954162598
2017-04-03,7.986763954162598
2017-04-04,7.986763954162598
2017-04-05,7.986763954162598
2017-04-06,7.7793145179748535
2017-04-07,7.7793145179748535
2017-04-10,7.7793145179748535
2017-04-11,7.7793145179748535
2017-04-12,7.7793145179748535
2017-04-13,7.7793145179748535
2017-04-17,7.7793145179748535
2017-04-18,7.7793145179748535
2017-04-19,7.7793145179748535
2017-04-20,7.7793145179748535
2017-04-21,7.7793145179748535
2017-04-24,7.7793145179748535
2017-04-25,7.7793145179748535
2017-04-26,8.097403526306152
2017-04-27,8.097403526306152
2017-04-28,8.021340370178223
2017-05-01,8.021340370178223
2017-05-02,8.021340370178223
2017-05-03,8.021340370178223
2017-05-04,8.021340370178223
2017-05-05,8.021340370178223
2017-05-08,8.021340370178223
2017-05-09,8.021340370178223
2017-05-10,7.820806503295898
2017-05-11,7.820806503295898
2017-05-12,7.820806503295898
2017-05-15,7.820806503295898
2017-05-16,7.820806503295898
2017-05-17,7.820806503295898
2017-05-18,7.606441497802734
2017-05-19,7.606441497802734
2017-05-22,7.606441497802734
2017-05-23,7.606441497802734
2017-05-24,7.606441497802734
2017-05-25,7.606441497802734
2017-05-26,7.606441497802734
2017-05-30,7.606441497802734
2017-05-31,7.606441497802734
2017-06-01,7.952188491821289
2017-06-02,8.1250638961792
2017-06-05,8.1250638961792
2017-06-06,8.1250638961792
2017-06-07,8.159637451171875
2017-06-08,8.159637451171875
2017-06-09,8.159637451171875
2017-06-12,8.159637451171875
2017-06-13,8.159637451171875
2017-06-14,8.159637451171875
2017-06-15,8.332513809204102
2017-06-16,8.332513809204102
2017-06-19,8.332513809204102
2017-06-20,8.332513809204102
2017-06-21,8.332513809204102
2017-06-22,8.332513809204102
2017-06-23,8.332513809204102
2017-06-26,8.332513809204102
2017-06-27,8.332513809204102
2017-06-28,8.332513809204102
2017-06-29,8.595280647277832
2017-06-30,8.595280647277832
2017-07-03,8.595280647277832
2017-07-05,8.595280647277832
2017-07-06,8.595280647277832
2017-07-07,8.595280647277832
2017-07-10,8.595280647277832
2017-07-11,8.595280647277832
2017-07-12,8.595280647277832
2017-07-13,8.40166187286377
2017-07-14,8.40166187286377
2017-07-17,8.40166187286377
2017-07-18,8.40166187286377
2017-07-19,8.40166187286377
2017-07-20,8.40166187286377
2017-07-21,8.40166187286377
2017-07-24,8.40166187286377
2017-07-25,8.40166187286377
2017-07-26,8.40166187286377
2017-07-27,8.505387306213379
2017-07-28,8.505387306213379
2017-07-31,8.505387306213379
2017-08-01,8.505387306213379
2017-08-02,8.505387306213379
2017-08-03,8.505387306213379
2017-08-04,8.505387306213379
2017-08-07,8.505387306213379
2017-08-08,8.505387306213379
2017-08-09,8.505387306213379
2017-08-10,8.505387306213379
2017-08-11,8.505387306213379
2017-08-14,8.505387306213379
2017-08-15,8.505387306213379
2017-08-16,8.505387306213379
2017-08-17,8.505387306213379
2017-08-18,8.712834358215332
2017-08-21,8.643683433532715
2017-08-22,8.8303861618042
2017-08-23,8.8303861618042
2017-08-24,8.8303861618042
2017-08-25,8.8303861618042
2017-08-28,8.8303861618042
2017-08-29,8.8303861618042
2017-08-30,8.8303861618042
2017-08-31,8.8303861618042
2017-09-01,8.8303861618042
2017-09-05,9.168973922729492
2017-09-06,9.168973922729492
2017-09-07,9.168973922729492
2017-09-08,9.168973922729492
2017-09-11,9.168973922729492
2017-09-12,9.168973922729492
2017-09-13,9.168973922729492
2017-09-14,9.168973922729492
2017-09-15,9.168973922729492
2017-09-18,9.168973922729492
2017-09-19,9.168973922729492
2017-09-20,9.168973922729492
2017-09-21,9.168973922729492
2017-09-22,9.168973922729492
2017-09-25,9.168973922729492
2017-09-26,9.168973922729492
2017-09-27,8.652007102966309
2017-09-28,8.652007102966309
2017-09-29,8.652007102966309
2017-10-02,8.652007102966309
2017-10-03,8.652007102966309
2017-10-04,8.652007102966309
2017-10-05,8.652007102966309
2017-10-06,8.652007102966309
2017-10-09,8.652007102966309
2017-10-10,8.652007102966309
2017-10-11,8.652007102966309
2017-10-12,8.652007102966309
2017-10-13,8.652007102966309
2017-10-16,8.652007102966309
2017-10-17,8.652007102966309
2017-10-18,8.652007102966309
2017-10-19,8.652007102966309
2017-10-20,8.652007102966309
2017-10-23,8.652007102966309
2017-10-24,8.652007102966309
2017-10-25,8.652007102966309
2017-10-26,8.652007102966309
2017-10-27,8.652007102966309
2017-10-30,8.652007102966309
2017-10-31,8.652007102966309
2017-11-01,8.652007102966309
2017-11-02,8.652007102966309
2017-11-03,8.652007102966309
2017-11-06,8.652007102966309
2017-11-07,8.652007102966309
2017-11-08,8.652007102966309
2017-11-09,8.652007102966309
2017-11-10,8.652007102966309
2017-11-13,8.652007102966309
2017-11-14,8.652007102966309
2017-11-15,8.652007102966309
2017-11-16,8.163763046264648
2017-11-17,8.163763046264648
2017-11-20,8.163763046264648
2017-11-21,8.163763046264648
2017-11-22,8.163763046264648
2017-11-24,8.163763046264648
2017-11-27,8.163763046264648
2017-11-28,8.163763046264648
2017-11-29,8.11349868774414
2017-11-30,8.11349868774414
2017-12-01,8.11349868774414
2017-12-04,8.11349868774414
2017-12-05,8.11349868774414
2017-12-06,8.11349868774414
2017-12-07,8.11349868774414
2017-12-08,8.11349868774414
2017-12-11,8.11349868774414
2017-12-12,8.11349868774414
2017-12-13,8.11349868774414
2017-12-14,8.11349868774414
2017-12-15,8.11349868774414
2017-12-18,8.11349868774414
2017-12-19,8.11349868774414
2017-12-20,8.11349868774414
2017-12-21,8.11349868774414
2017-12-22,8.11349868774414
2017-12-26,8.47250747680664
2017-12-27,8.47250747680664
2017-12-28,8.47250747680664
2017-12-29,8.47250747680664
2018-01-02,8.47250747680664
2018-01-03,8.47250747680664
2018-01-04,8.47250747680664
2018-01-05,8.47250747680664
2018-01-08,8.47250747680664
2018-01-09,8.47250747680664
2018-01-10,8.47250747680664
2018-01-11,8.47250747680664
2018-01-12,8.47250747680664
2018-01-16,8.47250747680664
2018-01-17,8.32890510559082
2018-01-18,8.32890510559082
2018-01-19,8.32890510559082
2018-01-22,8.32890510559082
2018-01-23,8.321723937988281
2018-01-24,8.436606407165527
2018-01-25,8.436606407165527
2018-01-26,8.436606407165527
2018-01-29,8.436606407165527
2018-01-30,8.436606407165527
2018-01-31,8.436606407165527
2018-02-01,8.436606407165527
2018-02-02,8.436606407165527
2018-02-05,8.436606407165527
2018-02-06,8.436606407165527
2018-02-07,8.436606407165527
2018-02-08,8.436606407165527
2018-02-09,8.436606407165527
2018-02-12,8.436606407165527
2018-02-13,8.21402359008789
2018-02-14,8.21402359008789
2018-02-15,7.9339985847473145
2018-02-16,7.826298236846924
2018-02-20,7.826298236846924
2018-02-21,7.826298236846924
2018-02-22,7.826298236846924
2018-02-23,7.977078914642334
2018-02-26,7.977078914642334
2018-02-27,8.127782821655273
2018-02-28,8.127782821655273
2018-03-01,8.127782821655273
2018-03-02,7.857100009918213
2018-03-05,7.857100009918213
2018-03-06,7.857100009918213
2018-03-07,7.857100009918213
2018-03-08,7.857100009918213
2018-03-09,7.857100009918213
2018-03-12,7.857100009918213
2018-03-13,7.857100009918213
2018-03-14,7.857100009918213
2018-03-15,7.857100009918213
2018-03-16,8.061946868896484
2018-03-19,8.061946868896484
2018-03-20,8.061946868896484
2018-03-21,8.061946868896484
2018-03-22,8.061946868896484
2018-03-23,8.061946868896484
2018-03-26,8.061946868896484
2018-03-27,8.061946868896484
2018-03-28,7.86441707611084
2018-03-29,7.86441707611084
2018-04-02,7.86441707611084
2018-04-03,7.86441707611084
2018-04-04,7.86441707611084
2018-04-05,7.86441707611084
2018-04-06,7.718103885650635
2018-04-09,7.718103885650635
2018-04-10,7.86441707611084
2018-04-11,7.86441707611084
2018-04-12,7.86441707611084
2018-04-13,7.86441707611084
2018-04-16,7.86441707611084
2018-04-17,7.988785266876221
2018-04-18,7.937575340270996
2018-04-19,7.937575340270996
2018-04-20,7.937575340270996
2018-04-23,7.937575340270996
2018-04-24,7.937575340270996
2018-04-25,7.937575340270996
2018-04-26,7.937575340270996
2018-04-27,7.937575340270996
2018-04-30,7.937575340270996
2018-05-01,7.4620537757873535
2018-05-02,7.4620537757873535
2018-05-03,7.4620537757873535
2018-05-04,7.4620537757873535
2018-05-07,7.4620537757873535
2018-05-08,7.4620537757873535
2018-05-09,7.63031530380249
2018-05-10,7.63031530380249
2018-05-11,7.622999668121338
2018-05-14,7.622999668121338
2018-05-15,7.622999668121338
2018-05-16,7.622999668121338
2018-05-17,7.622999668121338
2018-05-18,7.622999668121338
2018-05-21,7.622999668121338
2018-05-22,7.622999668121338
2018-05-23,7.622999668121338
2018-05-24,7.622999668121338
2018-05-25,7.622999668121338
2018-05-29,7.622999668121338
2018-05-30,7.622999668121338
2018-05-31,7.622999668121338
2018-06-01,7.622999668121338
2018-06-04,7.622999668121338
2018-06-05,7.622999668121338
2018-06-06,7.622999668121338
2018-06-07,7.681526184082031
2018-06-08,7.681526184082031
2018-06-11,7.681526184082031
2018-06-12,7.681526184082031
2018-06-13,7.740052223205566
2018-06-14,7.740052223205566
2018-06-15,7.425472736358643
2018-06-18,7.425472736358643
2018-06-19,7.315736770629883
2018-06-20,7.315736770629883
2018-06-21,7.315736770629883
2018-06-22,7.315736770629883
2018-06-25,7.315736770629883
2018-06-26,7.315736770629883
2018-06-27,7.827838897705078
2018-06-28,7.681526184082031
2018-06-29,7.681526184082031
2018-07-02,7.681526184082031
2018-07-03,7.425472736358643
2018-07-05,7.593733787536621
2018-07-06,7.644947052001953
2018-07-09,7.644947052001953
2018-07-10,7.644947052001953
2018-07-11,7.644947052001953
2018-07-12,7.710787773132324
2018-07-13,7.710787773132324
2018-07-16,7.710787773132324
2018-07-17,7.710787773132324
2018-07-18,7.710787773132324
2018-07-19,7.710787773132324
2018-07-20,7.710787773132324
2018-07-23,7.710787773132324
2018-07-24,7.710787773132324
2018-07-25,7.710787773132324
2018-07-26,7.710787773132324
2018-07-27,7.710787773132324
2018-07-30,7.710787773132324
2018-07-31,8.12047004699707
2018-08-01,8.12047004699707
2018-08-02,8.12047004699707
2018-08-03,8.12047004699707
2018-08-06,8.12047004699707
2018-08-07,8.12047004699707
2018-08-08,7.754681587219238
2018-08-09,7.754681587219238
2018-08-10,7.535209655761719
2018-08-13,7.535209655761719
2018-08-14,7.535209655761719
2018-08-15,7.535209655761719
2018-08-16,7.535209655761719
2018-08-17,7.535209655761719
2018-08-20,7.535209655761719
2018-08-21,7.608365535736084
2018-08-22,7.608365535736084
2018-08-23,7.608365535736084
2018-08-24,7.608365535736084
2018-08-27,7.608365535736084
2018-08-28,7.55715799331665
2018-08-29,7.55715799331665
2018-08-30,7.55715799331665
2018-08-31,7.55715799331665
2018-09-04,7.55715799331665
2018-09-05,7.55715799331665
2018-09-06,7.55715799331665
2018-09-07,7.733079433441162
2018-09-10,7.733079433441162
2018-09-11,7.373750686645508
2018-09-12,7.50849723815918
2018-09-13,7.50849723815918
2018-09-14,7.50849723815918
2018-09-17,7.50849723815918
2018-09-18,7.50849723815918
2018-09-19,7.298887729644775
2018-09-20,7.298887729644775
2018-09-21,7.298887729644775
2018-09-24,7.298887729644775
2018-09-25,7.298887729644775
2018-09-26,7.4111809730529785
2018-09-27,7.448611736297607
2018-09-28,7.448611736297607
2018-10-01,7.4111809730529785
2018-10-02,7.4111809730529785
2018-10-03,7.149168491363525
2018-10-04,7.149168491363525
2018-10-05,7.036876678466797
2018-10-08,7.036876678466797
2018-10-09,7.036876678466797
2018-10-10,6.894644737243652
2018-10-11,6.894644737243652
2018-10-12,6.894644737243652
2018-10-15,6.962016582489014
2018-10-16,6.962016582489014
2018-10-17,6.962016582489014
2018-10-18,6.962016582489014
2018-10-19,6.737434387207031
2018-10-22,6.737434387207031
2018-10-23,6.737434387207031
2018-10-24,6.737434387207031
2018-10-25,6.737434387207031
2018-10-26,6.737434387207031
2018-10-29,6.737434387207031
2018-10-30,6.737434387207031
2018-10-31,6.737434387207031
2018-11-01,6.737434387207031
2018-11-02,6.737434387207031
2018-11-05,6.737434387207031
2018-11-06,7.179113388061523
2018-11-07,7.179113388061523
2018-11-08,7.298887729644775
2018-11-09,7.261456489562988
2018-11-12,7.186598300933838
2018-11-13,7.298887729644775
2018-11-14,7.3063740730285645
2018-11-15,7.448611736297607
2018-11-16,7.448611736297607
2018-11-19,7.448611736297607
2018-11-20,7.261456489562988
2018-11-21,7.261456489562988
2018-11-23,7.261456489562988
2018-11-26,7.261456489562988
2018-11-27,7.261456489562988
2018-11-28,7.164139270782471
2018-11-29,7.381235599517822
2018-11-30,7.381235599517822
2018-12-03,7.381235599517822
2018-12-04,7.381235599517822
2018-12-06,7.381235599517822
2018-12-07,7.381235599517822
2018-12-10,7.381235599517822
2018-12-11,7.156655311584473
2018-12-12,7.186598300933838
2018-12-13,7.186598300933838
2018-12-14,7.186598300933838
2018-12-17,7.1117377281188965
2018-12-18,7.1117377281188965
2018-12-19,7.1117377281188965
2018-12-20,6.924584865570068
2018-12-21,6.737434387207031
2018-12-24,6.737434387207031
2018-12-26,6.550283908843994
2018-12-27,6.550283908843994
2018-12-28,6.962016582489014
2018-12-31,6.962016582489014
2019-01-02,6.962016582489014
2019-01-03,6.962016582489014
2019-01-04,6.962016582489014
2019-01-07,7.1117377281188965
2019-01-08,7.066822528839111
2019-01-09,7.074309349060059
2019-01-10,7.119224548339844
2019-01-11,7.119224548339844
2019-01-14,7.119224548339844
2019-01-15,6.999446392059326
2019-01-16,6.999446392059326
2019-01-17,7.164139270782471
2019-01-18,7.149168491363525
2019-01-22,7.149168491363525
2019-01-23,7.253973484039307
2019-01-24,7.253973484039307
2019-01-25,7.253973484039307
2019-01-28,7.253973484039307
2019-01-29,7.253973484039307
2019-01-30,7.253973484039307
2019-01-31,7.253973484039307
2019-02-01,7.253973484039307
2019-02-04,7.253973484039307
2019-02-05,7.5534138679504395
2019-02-06,7.5534138679504395
2019-02-07,7.710619926452637
2019-02-08,7.710619926452637
2019-02-11,7.6881632804870605
2019-02-12,7.6881632804870605
2019-02-13,7.6881632804870605
2019-02-14,7.6881632804870605
2019-02-15,7.6881632804870605
2019-02-19,7.6881632804870605
2019-02-20,7.6881632804870605
2019-02-21,7.6881632804870605
2019-02-22,7.6881632804870605
2019-02-25,8.01006031036377
2019-02-26,8.01006031036377
2019-02-27,8.01006031036377
2019-02-28,8.01006031036377
2019-03-01,8.01006031036377
2019-03-04,8.17119312286377
2019-03-05,7.865728855133057
2019-03-06,7.896275997161865
2019-03-07,7.896275997161865
2019-03-08,7.896275997161865
2019-03-11,7.896275997161865
2019-03-12,8.010826110839844
2019-03-13,7.995552062988281
2019-03-14,7.995552062988281
2019-03-15,7.995552062988281
2019-03-18,7.995552062988281
2019-03-19,7.995552062988281
2019-03-20,7.995552062988281
2019-03-21,8.163556098937988
2019-03-22,8.247559547424316
2019-03-25,8.232287406921387
2019-03-26,8.232287406921387
2019-03-27,8.247559547424316
2019-03-28,8.209376335144043
2019-03-29,8.209376335144043
2019-04-01,8.461385726928711
2019-04-02,8.461385726928711
2019-04-03,8.461385726928711
2019-04-04,8.461385726928711
2019-04-05,8.270469665527344
2019-04-08,8.415569305419922
2019-04-09,8.59121036529541
2019-04-10,8.59121036529541
2019-04-11,8.59121036529541
2019-04-12,8.59121036529541
2019-04-15,8.59121036529541
2019-04-16,8.51484203338623
2019-04-17,8.407931327819824
2019-04-18,8.407931327819824
2019-04-22,8.346839904785156
2019-04-23,8.476662635803223
2019-04-24,8.476662635803223
2019-04-25,8.40029525756836
2019-04-26,8.49138355255127
2019-04-29,8.49138355255127
2019-04-30,8.49138355255127
2019-05-01,8.49138355255127
2019-05-02,8.49138355255127
2019-05-03,9.024025917053223
2019-05-06,9.024025917053223
2019-05-07,9.024025917053223
2019-05-08,9.024025917053223
2019-05-09,9.024025917053223
2019-05-10,9.024025917053223
2019-05-13,9.024025917053223
2019-05-14,9.024025917053223
2019-05-15,9.024025917053223
2019-05-16,9.024025917053223
2019-05-17,9.024025917053223
2019-05-20,9.024025917053223
2019-05-21,9.024025917053223
2019-05-22,9.024025917053223
2019-05-23,9.024025917053223
2019-05-24,9.024025917053223
2019-05-28,9.024025917053223
2019-05-29,9.024025917053223
2019-05-30,9.024025917053223
2019-05-31,8.607176780700684
2019-06-03,8.607176780700684
2019-06-04,8.607176780700684
2019-06-05,8.607176780700684
2019-06-06,8.607176780700684
2019-06-07,8.607176780700684
2019-06-10,8.607176780700684
2019-06-11,8.630331993103027
2019-06-12,8.661211967468262
2019-06-13,8.475943565368652
2019-06-14,8.437347412109375
2019-06-17,8.221203804016113
2019-06-18,8.336994171142578
2019-06-19,8.174887657165527
2019-06-20,8.391031265258789
2019-06-21,8.506824493408203
2019-06-24,8.599455833435059
2019-06-25,8.846476554870605
2019-06-26,8.885075569152832
2019-06-27,8.869636535644531
2019-06-28,8.869636535644531
2019-07-01,8.823319435119629
2019-07-02,8.939109802246094
2019-07-03,9.016305923461914
2019-07-05,8.962268829345703
2019-07-08,8.831038475036621
2019-07-09,8.506824493408203
2019-07-10,8.460505485534668
2019-07-11,8.553136825561523
2019-07-12,8.607176780700684
2019-07-15,8.553136825561523
2019-07-16,8.414190292358398
2019-07-17,8.630331993103027
2019-07-18,8.707529067993164
2019-07-19,8.699810981750488
2019-07-22,8.290677070617676
2019-07-23,8.38331127166748
2019-07-24,8.329275131225586
2019-07-25,8.475943565368652
2019-07-26,8.460505485534668
2019-07-29,8.391031265258789
2019-07-30,8.190323829650879
2019-07-31,8.18260669708252
2019-08-01,8.113130569458008
2019-08-02,8.136289596557617
2019-08-05,7.951022148132324
2019-08-06,7.904708385467529
2019-08-07,8.051375389099121
2019-08-08,8.190323829650879
2019-08-09,8.082254409790039
2019-08-12,7.927865028381348
2019-08-13,8.051375389099121
2019-08-14,7.680843353271484
2019-08-15,7.487854957580566
2019-08-16,7.6576828956604
2019-08-19,7.804351329803467
2019-08-20,7.696280002593994
2019-08-21,7.449258804321289
2019-08-22,7.364343643188477
2019-08-23,7.287150859832764
2019-08-26,7.503294944763184
2019-08-27,7.549612045288086
2019-08-28,7.4955735206604
2019-08-29,7.518733024597168
2019-08-30,7.580488681793213
2019-09-03,7.4955735206604
2019-09-04,7.4955735206604
2019-09-05,7.5418925285339355
2019-09-06,7.619086742401123
2019-09-09,7.572771072387695
2019-09-10,7.861927509307861
2019-09-11,7.924448013305664
2019-09-12,7.893187999725342
2019-09-13,7.986968517303467
2019-09-16,7.557140350341797
2019-09-17,7.627477169036865
2019-09-18,7.674366474151611
2019-09-19,7.650921821594238
2019-09-20,7.5493268966674805
2019-09-23,7.541510581970215
2019-09-24,7.502434730529785
2019-09-25,7.541510581970215
2019-09-26,7.510251045227051
2019-09-27,7.604030609130859
2019-09-30,7.619660377502441
2019-10-01,7.4633612632751465
2019-10-02,7.361763954162598
2019-10-03,7.4633612632751465
2019-10-04,7.416470050811768
2019-10-07,7.338318347930908
2019-10-08,7.2132792472839355
2019-10-09,7.283614635467529
2019-10-10,7.283614635467529
2019-10-11,7.502434730529785
2019-10-14,7.494619846343994
2019-10-15,7.494619846343994
2019-10-16,7.338318347930908
2019-10-17,7.494619846343994
2019-10-18,7.494619846343994
2019-10-21,7.564955711364746
2019-10-22,7.5493268966674805
2019-10-23,7.588399887084961
2019-10-24,7.400839805603027
2019-10-25,7.596215724945068
2019-10-28,7.486804485321045
2019-10-29,7.408655643463135
2019-10-30,7.471175670623779
2019-10-31,7.439914703369141
2019-11-01,7.604030609130859
2019-11-04,7.729072570800781
2019-11-05,7.815036296844482
2019-11-06,7.791593074798584
2019-11-07,7.643104553222656
2019-11-08,7.635290622711182
2019-11-11,7.6665520668029785
2019-11-12,7.682181358337402
2019-11-13,7.705626010894775
2019-11-14,7.775961875915527
2019-11-15,7.830667495727539
2019-11-18,7.830667495727539
2019-11-19,7.924448013305664
2019-11-20,7.682181358337402
2019-11-21,7.736886024475098
2019-11-22,7.861927509307861
2019-11-25,7.901004314422607
2019-11-26,8.023526191711426
2019-11-27,8.142102241516113
2019-11-29,8.110485076904297
2019-12-02,8.039337158203125
2019-12-03,7.960288047790527
2019-12-04,8.04724407196045
2019-12-05,8.16581916809082
2019-12-06,8.2764892578125
2019-12-09,8.244867324829102
2019-12-10,8.18162727355957
2019-12-11,8.284391403198242
2019-12-12,8.44249153137207
2019-12-13,8.347633361816406
2019-12-16,8.505729675292969
2019-12-17,8.545255661010742
2019-12-18,8.513636589050293
2019-12-19,8.53735065460205
2019-12-20,8.513636589050293
2019-12-23,8.624305725097656
2019-12-24,8.529446601867676
2019-12-26,8.576875686645508
2019-12-27,8.655924797058105
2019-12-30,8.576875686645508
2019-12-31,8.5689697265625
2020-01-02,8.40296459197998
2020-01-03,8.292295455932617
2020-01-06,8.23696517944336
2020-01-07,8.16581916809082
2020-01-08,8.197437286376953
2020-01-09,8.221153259277344
2020-01-10,8.260679244995117
2020-01-13,8.450396537780762
2020-01-14,8.395061492919922
2020-01-15,8.434586524963379
2020-01-16,8.553160667419434
2020-01-17,8.616397857666016
2020-01-21,8.458300590515137
2020-01-22,8.482013702392578
2020-01-23,8.482013702392578
2020-01-24,8.292295455932617
2020-01-27,8.513636589050293
2020-01-28,8.608495712280273
2020-01-29,8.576875686645508
2020-01-30,8.561066627502441
2020-01-31,8.371346473693848
2020-02-03,8.44249153137207
2020-02-04,8.59268569946289
2020-02-05,8.711259841918945
2020-02-06,8.70335578918457
2020-02-07,8.553160667419434
2020-02-10,8.545255661010742
2020-02-11,8.671735763549805
2020-02-12,8.2764892578125
2020-02-13,8.031434059143066
2020-02-14,8.070959091186523
2020-02-18,8.070959091186523
2020-02-19,8.04724407196045
2020-02-20,8.118389129638672
2020-02-21,8.094673156738281
2020-02-24,7.849619388580322
2020-02-25,7.644092559814453
2020-02-26,7.715236663818359
2020-02-27,7.478086471557617
2020-02-28,7.367415904998779
2020-03-02,7.738950252532959
2020-03-03,7.670959949493408
2020-03-04,7.814939975738525
2020-03-05,7.510980606079102
2020-03-06,7.454987525939941
2020-03-09,7.1030378341674805
2020-03-10,7.1750264167785645
2020-03-11,6.3911333084106445
2020-03-12,5.359272480010986
2020-03-13,5.455259799957275
2020-03-16,4.759353160858154
2020-03-17,4.9833245277404785
2020-03-18,5.111307621002197
2020-03-19,5.9431939125061035
2020-03-20,5.839207649230957
2020-03-23,5.295281887054443
2020-03-24,6.01518440246582
2020-03-25,6.167163848876953
2020-03-26,6.503117561340332
2020-03-27,6.23915433883667
2020-03-30,6.623101234436035
2020-03-31,6.495120048522949
2020-04-01,6.287148475646973
2020-04-02,6.543113708496094
2020-04-03,6.2711501121521
2020-04-06,6.575109004974365
2020-04-07,6.503117561340332
2020-04-08,6.807076454162598
2020-04-09,7.327005863189697
2020-04-13,7.119033336639404
2020-04-14,7.231019973754883
2020-04-15,6.919061183929443
2020-04-16,6.767082214355469
2020-04-17,7.02304744720459
2020-04-20,6.911062717437744
2020-04-21,6.6071038246154785
2020-04-22,6.687093257904053
2020-04-23,6.567110061645508
2020-04-24,6.7350873947143555
2020-04-27,6.943058013916016
2020-04-28,7.215020179748535
2020-04-29,7.39099645614624
2020-04-30,7.1750264167785645
2020-05-01,6.943058013916016
2020-05-04,6.951057434082031
2020-05-05,6.8630690574646
2020-05-06,6.783080101013184
2020-05-07,6.887065887451172
2020-05-08,7.1750264167785645
2020-05-11,7.063042163848877
2020-05-12,7.287010669708252
2020-05-13,7.287010669708252
2020-05-14,7.271014213562012
2020-05-15,7.279012680053711
2020-05-18,7.710954189300537
2020-05-19,7.518980503082275
2020-05-20,7.558976650238037
2020-05-21,7.58297061920166
2020-05-22,7.678959846496582
2020-05-26,7.9989142417907715
2020-05-27,7.978684902191162
2020-05-28,8.091972351074219
2020-05-29,8.261903762817383
2020-06-01,8.237627983093262
2020-06-02,8.359007835388184
2020-06-03,8.496572494506836
2020-06-04,8.520848274230957
2020-06-05,8.804070472717285
2020-06-08,8.496572494506836
2020-06-09,8.253812789916992
2020-06-10,7.946316242218018
2020-06-11,7.436521530151367
2020-06-12,7.938225269317627
2020-06-15,8.253812789916992
2020-06-16,8.302366256713867
2020-06-17,8.310457229614258
2020-06-18,8.318549156188965
2020-06-19,8.34282398223877
2020-06-22,8.310457229614258
2020-06-23,8.28618049621582
2020-06-24,8.05960464477539
2020-06-25,8.100066184997559
2020-06-26,7.824939250946045
2020-06-29,8.051512718200684
2020-06-30,8.261903762817383
2020-07-01,8.359007835388184
2020-07-02,8.577492713928223
2020-07-06,8.698869705200195
2020-07-07,8.593677520751953
2020-07-08,8.456111907958984
2020-07-09,8.391374588012695
2020-07-10,8.50466537475586
2020-07-13,8.423742294311523
2020-07-14,8.585585594177246
2020-07-15,8.658411026000977
2020-07-16,8.698869705200195
2020-07-17,8.715057373046875
2020-07-20,8.682687759399414
2020-07-21,8.779790878295898
2020-07-22,8.820249557495117
2020-07-23,8.690778732299805
2020-07-24,8.634134292602539
2020-07-27,8.755515098571777
2020-07-28,8.66650104522705
2020-07-29,8.593677520751953
2020-07-30,8.383285522460938
2020-07-31,8.334732055664062
2020-08-03,8.448019027709961
2020-08-04,8.658411026000977
2020-08-05,8.650320053100586
2020-08-06,8.73932933807373
2020-08-07,8.74742317199707
2020-08-10,8.98208999633789
2020-08-11,8.96590518951416
2020-08-12,9.054916381835938
2020-08-13,9.063011169433594
2020-08-14,9.063011169433594
2020-08-17,9.152023315429688
2020-08-18,8.96590518951416
2020-08-19,9.135838508605957
2020-08-20,9.127744674682617
2020-08-21,8.990181922912598
2020-08-24,8.795973777770996
2020-08-25,8.795973777770996
2020-08-26,8.860712051391602
2020-08-27,8.95781421661377
2020-08-28,9.103468894958496
2020-08-31,8.949723243713379
2020-09-01,9.095376968383789
2020-09-02,9.344735145568848
2020-09-03,9.058588027954102
2020-09-04,9.009535789489746
2020-09-08,8.805143356323242
2020-09-09,9.001358985900879
2020-09-10,9.083113670349121
2020-09-11,9.04223918914795
2020-09-14,9.115815162658691
2020-09-15,9.164871215820312
2020-09-16,9.148519515991211
2020-09-17,9.254801750183105
2020-09-18,9.197572708129883
2020-09-21,9.001358985900879
2020-09-22,9.025886535644531
2020-09-23,8.649806022644043
2020-09-24,8.649806022644043
2020-09-25,8.846019744873047
2020-09-28,8.919601440429688
2020-09-29,8.870548248291016
2020-09-30,9.034061431884766
2020-10-01,9.001358985900879
2020-10-02,9.001358985900879
2020-10-05,9.099466323852539
2020-10-06,9.001358985900879
2020-10-07,9.181221961975098
2020-10-08,9.271153450012207
2020-10-09,9.33655834197998
2020-10-12,9.344735145568848
2020-10-13,9.328383445739746
2020-10-14,9.320205688476562
2020-10-15,9.377436637878418
2020-10-16,9.401963233947754
2020-10-19,9.222100257873535
2020-10-20,9.148519515991211
2020-10-21,9.058588027954102
2020-10-22,9.025886535644531
2020-10-23,8.968655586242676
2020-10-26,8.690685272216797
2020-10-27,8.641632080078125
2020-10-28,8.437239646911621
2020-10-29,8.584403038024902
2020-10-30,8.527172088623047
2020-11-02,8.870548248291016
2020-11-03,9.107640266418457
2020-11-04,9.066762924194336
2020-11-05,9.410140991210938
2020-11-06,9.418315887451172
2020-11-09,9.843446731567383
2020-11-10,9.69628620147705
2020-11-11,9.753514289855957
2020-11-12,9.442842483520508
2020-11-13,9.639056205749512
2020-11-16,9.933380126953125
2020-11-17,9.753514289855957
2020-11-18,9.67993450164795
2020-11-19,9.745338439941406
2020-11-20,9.753514289855957
2020-11-23,9.553688049316406
2020-11-24,9.743606567382812
2020-11-25,9.570202827453613
2020-11-27,9.47937297821045
2020-11-30,9.355513572692871
2020-12-01,9.520659446716309
2020-12-02,9.471116065979004
2020-12-03,9.446342468261719
2020-12-04,9.528918266296387
2020-12-07,9.372028350830078
2020-12-08,9.528918266296387
2020-12-09,9.58671760559082
2020-12-10,9.520659446716309
2020-12-11,9.446342468261719
2020-12-14,9.305970191955566
2020-12-15,9.528918266296387
2020-12-16,9.413313865661621
2020-12-17,9.545432090759277
2020-12-18,9.628005027770996
2020-12-21,9.471116065979004
2020-12-22,9.495887756347656
2020-12-23,9.545432090759277
2020-12-24,9.611489295959473
2020-12-28,9.570202827453613
2020-12-29,9.578461647033691
2020-12-30,9.694063186645508
2020-12-31,9.718835830688477
2021-01-04,9.39680004119873
2021-01-05,9.462859153747559
2021-01-06,9.727091789245605
2021-01-07,9.644519805908203
2021-01-08,9.495887756347656
2021-01-11,9.528918266296387
2021-01-12,9.603232383728027
2021-01-13,9.438088417053223
2021-01-14,9.405056953430176
2021-01-15,9.124310493469238
2021-01-19,9.041736602783203
2021-01-20,9.272940635681152
2021-01-21,9.289454460144043
2021-01-22,9.15733814239502
2021-01-25,9.05825138092041
2021-01-26,9.256426811218262
2021-01-27,9.132568359375
2021-01-28,9.23165225982666
2021-01-29,9.033479690551758
2021-02-01,8.992192268371582
2021-02-02,9.025223731994629
2021-02-03,9.09128189086914
2021-02-04,9.23165225982666
2021-02-05,9.471116065979004
2021-02-08,9.471116065979004
2021-02-09,9.281198501586914
2021-02-10,9.438088417053223
2021-02-11,9.330740928649902
2021-02-12,9.495887756347656
2021-02-16,9.289454460144043
2021-02-17,9.330740928649902
2021-02-18,9.429829597473145
2021-02-19,9.429829597473145
2021-02-22,9.429829597473145
2021-02-23,9.486566543579102
2021-02-24,9.519938468933105
2021-02-25,9.461536407470703
2021-02-26,9.127796173095703
2021-03-01,9.419816017150879
2021-03-02,9.53662395477295
2021-03-03,9.570000648498535
2021-03-04,9.403129577636719
2021-03-05,9.686807632446289
2021-03-08,9.81196117401123
2021-03-09,9.803617477416992
2021-03-10,9.953802108764648
2021-03-11,9.786930084228516
2021-03-12,9.820305824279785
2021-03-15,9.81196117401123
2021-03-16,9.595029830932617
2021-03-17,9.711840629577637
2021-03-18,9.47822093963623
2021-03-19,9.428159713745117
2021-03-22,9.519938468933105
2021-03-23,9.486566543579102
2021-03-24,9.436506271362305
2021-03-25,9.66177749633789
2021-03-26,9.828649520874023
2021-03-29,9.8453369140625
2021-03-30,9.79527473449707
2021-03-31,9.745213508605957
2021-04-01,9.72852611541748
2021-04-05,9.920426368713379
2021-04-06,9.99551773071289
2021-04-07,9.703496932983398
2021-04-08,9.653435707092285
2021-04-09,9.786930084228516
2021-04-12,9.778589248657227
2021-04-13,9.828649520874023
2021-04-14,9.79527473449707
2021-04-15,9.920426368713379
2021-04-16,9.970489501953125
2021-04-19,9.895394325256348
2021-04-20,9.895394325256348
2021-04-21,9.96214485168457
2021-04-22,9.720182418823242
2021-04-23,9.786930084228516
2021-04-26,9.79527473449707
2021-04-27,9.736871719360352
2021-04-28,9.753557205200195
2021-04-29,9.920426368713379
2021-04-30,9.803617477416992
2021-05-03,9.836992263793945
2021-05-04,10.370977401733398
2021-05-05,10.24582576751709
2021-05-06,10.421039581298828
2021-05-07,10.387664794921875
2021-05-10,10.387664794921875
2021-05-11,10.34594440460205
2021-05-12,10.137359619140625
2021-05-13,10.32926082611084
2021-05-14,10.320914268493652
2021-05-17,10.254165649414062
2021-05-18,10.170732498168945
2021-05-19,10.020548820495605
2021-05-20,10.003863334655762
2021-05-21,9.99551773071289
2021-05-24,9.96214485168457
2021-05-25,9.876193046569824
2021-05-26,9.926752090454102
2021-05-27,10.01102066040039
2021-05-28,9.94360637664795
2021-06-01,10.01944637298584
2021-06-02,9.994165420532227
2021-06-03,10.061580657958984
2021-06-04,10.238542556762695
2021-06-07,10.1964111328125
2021-06-08,10.179555892944336
2021-06-09,10.17112922668457
2021-06-10,10.17112922668457
2021-06-11,10.314387321472168
2021-06-14,10.238542556762695
2021-06-15,10.12056827545166
2021-06-16,9.960458755493164
2021-06-17,9.72451114654541
2021-06-18,9.57282543182373
2021-06-21,9.665523529052734
2021-06-22,9.72451114654541
2021-06-23,9.68237590789795
2021-06-24,9.707655906677246
2021-06-25,9.783496856689453
2021-06-28,9.73293685913086
2021-06-29,9.657094955444336
2021-06-30,9.657094955444336
2021-07-01,9.741363525390625
2021-07-02,9.72451114654541
2021-07-06,9.640242576599121
2021-07-07,9.73293685913086
2021-07-08,9.598108291625977
2021-07-09,9.699228286743164
2021-07-12,9.699228286743164
2021-07-13,9.741363525390625
2021-07-14,9.72451114654541
2021-07-15,9.749791145324707
2021-07-16,9.640242576599121
2021-07-19,9.480133056640625
2021-07-20,9.48855972290039
2021-07-21,9.57282543182373
2021-07-22,9.581254959106445
2021-07-23,9.522268295288086
2021-07-26,9.68237590789795
2021-07-27,9.716081619262695
2021-07-28,9.758216857910156
2021-07-29,9.808778762817383
2021-07-30,9.741363525390625
2021-08-02,9.707655906677246
2021-08-03,9.83405876159668
2021-08-04,9.775071144104004
2021-08-05,9.842484474182129
2021-08-06,9.884618759155273
2021-08-09,9.960458755493164
2021-08-10,10.070008277893066
2021-08-11,10.263825416564941
2021-08-12,10.154275894165039
2021-08-13,10.238542556762695
2021-08-16,10.297530174255371
2021-08-17,10.1964111328125
2021-08-18,10.230117797851562
2021-08-19,10.449211120605469
2021-08-20,10.777856826782227
2021-08-23,10.685163497924805
2021-08-24,10.634601593017578
2021-08-25,10.786283493041992
2021-08-26,10.659881591796875
2021-08-27,10.769431114196777
2021-08-30,10.777856826782227
2021-08-31,10.828418731689453
2021-09-01,10.69359016418457
2021-09-02,10.744150161743164
2021-09-03,10.685163497924805
2021-09-07,10.394262313842773
2021-09-08,10.47931957244873
2021-09-09,10.317708015441895
2021-09-10,10.46230697631836
2021-09-13,10.46230697631836
2021-09-14,10.47931957244873
2021-09-15,10.547367095947266
2021-09-16,10.317708015441895
2021-09-17,10.07954216003418
2021-09-20,10.019998550415039
2021-09-21,9.94344425201416
2021-09-22,9.985973358154297
2021-09-23,10.054020881652832
2021-09-24,10.028504371643066
2021-09-27,10.096551895141602
2021-09-28,9.951952934265137
2021-09-29,9.977469444274902
2021-09-30,9.858386039733887
2021-10-01,9.94344425201416
2021-10-04,9.89240837097168
2021-10-05,10.037012100219727
2021-10-06,9.994481086730957
2021-10-07,10.071035385131836
2021-10-08,9.960456848144531
2021-10-11,9.883903503417969
2021-10-12,9.900915145874023
2021-10-13,9.926433563232422
2021-10-14,10.130576133728027
2021-10-15,10.164599418640137
2021-10-18,10.130576133728027
2021-10-19,10.224142074584961
2021-10-20,10.2411527633667
2021-10-21,10.232646942138672
2021-10-22,10.343223571777344
2021-10-25,10.275177001953125
2021-10-26,10.2156343460083
2021-10-27,10.232646942138672
2021-10-28,10.334717750549316
2021-10-29,10.266670227050781
2021-11-01,10.156092643737793
2021-11-02,10.275177001953125
2021-11-03,10.46230697631836
2021-11-04,10.343223571777344
2021-11-05,10.326213836669922
2021-11-08,10.377246856689453
2021-11-09,10.47081470489502
2021-11-10,10.496330261230469
2021-11-11,10.51334285736084
2021-11-12,10.530354499816895
2021-11-15,10.538862228393555
2021-11-16,10.47081470489502
2021-11-17,10.334717750549316
2021-11-18,10.224142074584961
2021-11-19,10.1220703125
2021-11-22,10.17310619354248
2021-11-23,10.112960815429688
2021-11-24,10.018447875976562
2021-11-26,9.915340423583984
2021-11-29,9.94970989227295
2021-11-30,9.72631549835205
2021-12-01,9.674760818481445
2021-12-02,9.863789558410645
2021-12-03,9.717721939086914
2021-12-06,9.941119194030762
2021-12-07,9.958301544189453
2021-12-08,9.984078407287598
2021-12-09,9.932527542114258
2021-12-10,9.966894149780273
2021-12-13,10.02703857421875
2021-12-14,10.02703857421875
2021-12-15,10.267619132995605
2021-12-16,10.344947814941406
2021-12-17,10.130144119262695
2021-12-20,9.966894149780273
2021-12-21,10.08718490600586
2021-12-22,9.975486755371094
2021-12-23,10.018447875976562
2021-12-27,10.147327423095703
2021-12-28,10.190289497375488
2021-12-29,10.267619132995605
2021-12-30,10.27621078491211
2021-12-31,10.319171905517578
2022-01-03,10.207474708557129
2022-01-04,10.370723724365234
2022-01-05,10.387908935546875
2022-01-06,10.30198860168457
2022-01-07,10.41368579864502
2022-01-10,10.439461708068848
2022-01-11,10.405094146728516
2022-01-12,10.43087100982666
2022-01-13,10.55116081237793
2022-01-14,10.62848949432373
2022-01-18,10.55116081237793
2022-01-19,10.662858963012695
2022-01-20,10.422276496887207
2022-01-21,10.267619132995605
2022-01-24,10.241842269897461
2022-01-25,10.130144119262695
2022-01-26,10.10436725616455
2022-01-27,10.1387357711792
2022-01-28,10.259025573730469
2022-01-31,10.319171905517578
2022-02-01,10.482423782348633
2022-02-02,10.422276496887207
2022-02-03,10.10436725616455
2022-02-04,9.932527542114258
2022-02-07,9.872380256652832
2022-02-08,9.984078407287598
2022-02-09,10.121553421020508
2022-02-10,9.984078407287598
2022-02-11,9.958301544189453
2022-02-14,9.941119194030762
2022-02-15,10.147327423095703
2022-02-16,10.112960815429688
2022-02-17,10.130144119262695
2022-02-18,10.207474708557129
2022-02-22,10.155397415161133
2022-02-23,10.094635963439941
2022-02-24,9.964439392089844
2022-02-25,10.242192268371582
2022-02-28,10.094635963439941
2022-03-01,9.773482322692871
2022-03-02,9.912359237670898
2022-03-03,9.851603507995605
2022-03-04,9.799522399902344
2022-03-07,9.365531921386719
2022-03-08,9.4957275390625
2022-03-09,9.62592601776123
2022-03-10,9.461009979248047
2022-03-11,9.461009979248047
2022-03-14,9.799522399902344
2022-03-15,9.756123542785645
2022-03-16,9.947080612182617
2022-03-17,10.077278137207031
2022-03-18,10.129354476928711
2022-03-21,9.947080612182617
2022-03-22,9.938400268554688
2022-03-23,9.738763809204102
2022-03-24,9.79084300994873
2022-03-25,9.842921257019043
2022-03-28,9.851603507995605
2022-03-29,10.042558670043945
2022-03-30,10.00783920288086
2022-03-31,9.83424186706543
2022-04-01,10.016517639160156
2022-04-04,9.964439392089844
2022-04-05,9.964439392089844
2022-04-06,9.981797218322754
2022-04-07,10.00783920288086
2022-04-08,10.17275619506836
2022-04-11,10.181435585021973
2022-04-12,10.12067699432373
2022-04-13,10.155397415161133
2022-04-14,10.129354476928711
2022-04-18,10.00783920288086
2022-04-19,10.207472801208496
2022-04-20,10.424468994140625
2022-04-21,10.355031967163086
2022-04-22,10.051238059997559
2022-04-25,10.111995697021484
2022-04-26,10.077278137207031
2022-04-27,10.433150291442871
2022-04-28,10.537308692932129
2022-04-29,10.294272422790527
2022-05-02,10.155397415161133
2022-05-03,10.389751434326172
2022-05-04,11.387930870056152
2022-05-05,10.971298217773438
2022-05-06,11.118857383728027
2022-05-09,10.945258140563965
2022-05-10,10.901862144470215
2022-05-11,10.8584623336792
2022-05-12,10.910541534423828
2022-05-13,11.084137916564941
2022-05-16,11.231694221496582
2022-05-17,11.570205688476562
2022-05-18,11.049416542053223
2022-05-19,11.249055862426758
2022-05-20,11.223014831542969
2022-05-23,11.32717227935791
2022-05-24,11.353453636169434
2022-05-25,11.362214088439941
2022-05-26,11.476099014282227
2022-05-27,11.660065650939941
2022-05-31,11.476099014282227
2022-06-01,11.554940223693848
2022-06-02,11.782712936401367
2022-06-03,11.730149269104004
2022-06-06,11.817753791809082
2022-06-07,11.808990478515625
2022-06-08,11.695108413696289
2022-06-09,11.537420272827148
2022-06-10,11.178245544433594
2022-06-13,10.766508102416992
2022-06-14,10.591300010681152
2022-06-15,10.60006046295166
2022-06-16,10.258405685424805
2022-06-17,10.267166137695312
2022-06-21,10.442373275756836
2022-06-22,10.389809608459473
2022-06-23,10.459892272949219
2022-06-24,10.87163257598877
2022-06-27,10.836589813232422
2022-06-28,10.801548957824707
2022-06-29,10.994277954101562
2022-06-30,10.889153480529785
2022-07-01,10.97675609588623
2022-07-05,10.897912979125977
2022-07-06,11.081881523132324
2022-07-07,11.090641021728516
2022-07-08,10.897912979125977
2022-07-11,11.038081169128418
2022-07-12,10.915433883666992
2022-07-13,10.84535026550293
2022-07-14,10.854110717773438
2022-07-15,10.932953834533691
2022-07-18,10.801548957824707
2022-07-19,11.064358711242676
2022-07-20,10.932953834533691
2022-07-21,11.073121070861816
2022-07-22,11.038081169128418
2022-07-25,11.160722732543945
2022-07-26,11.300889015197754
2022-07-27,11.283369064331055
2022-07-28,11.423534393310547
2022-07-29,11.344693183898926
2022-08-01,11.423534393310547
2022-08-02,11.16948413848877
2022-08-03,11.143203735351562
2022-08-04,11.029318809509277
2022-08-05,10.748987197875977
2022-08-08,10.854110717773438
2022-08-09,10.862873077392578
2022-08-10,11.134442329406738
2022-08-11,11.064358711242676
2022-08-12,11.222046852111816
2022-08-15,11.414774894714355
2022-08-16,11.642544746398926
2022-08-17,11.39725399017334
2022-08-18,11.143203735351562
2022-08-19,10.932953834533691
2022-08-22,10.932953834533691
2022-08-23,11.020559310913086
2022-08-24,11.099401473999023
2022-08-25,11.318412780761719
2022-08-26,10.880393028259277
2022-08-29,10.740227699279785
2022-08-30,10.670143127441406
2022-08-31,10.521217346191406
2022-09-01,10.512455940246582
2022-09-02,10.529977798461914
2022-09-06,10.381050109863281
2022-09-07,10.708500862121582
2022-09-08,10.779301643371582
2022-09-09,10.876651763916016
2022-09-12,10.947450637817383
2022-09-13,10.566899299621582
2022-09-14,10.389902114868164
2022-09-15,10.434150695800781
2022-09-16,10.319101333618164
2022-09-19,10.407600402832031
2022-09-20,10.124402046203613
2022-09-21,9.92970085144043
2022-09-22,9.86775016784668
2022-09-23,9.717299461364746
2022-09-26,9.558000564575195
2022-09-27,9.442951202392578
2022-09-28,9.646501541137695
2022-09-29,9.513752937316895
2022-09-30,9.496049880981445
2022-10-03,9.761550903320312
2022-10-04,9.982799530029297
2022-10-05,9.814650535583496
2022-10-06,9.796951293945312
2022-10-07,9.540301322937012
2022-10-10,9.637652397155762
2022-10-11,9.540301322937012
2022-10-12,9.372150421142578
2022-10-13,9.788100242614746
2022-10-14,9.593400001525879
2022-10-17,9.726150512695312
2022-10-18,9.91200065612793
2022-10-19,9.788100242614746
2022-10-20,9.637652397155762
2022-10-21,10.00050163269043
2022-10-24,10.00050163269043
2022-10-25,10.150951385498047
2022-10-26,10.15980052947998
2022-10-27,10.21290111541748
2022-10-28,10.398751258850098
2022-10-31,10.248299598693848
2022-11-01,10.25715160369873
2022-11-02,9.593400001525879
2022-11-03,9.531452178955078
2022-11-04,9.876601219177246
2022-11-07,9.92970085144043
2022-11-08,9.92970085144043
2022-11-09,9.752702713012695
2022-11-10,10.283700942993164
2022-11-11,10.301400184631348
2022-11-14,10.434150695800781
2022-11-15,10.416451454162598
2022-11-16,10.345650672912598
2022-11-17,10.434150695800781
2022-11-18,10.460700035095215
2022-11-21,10.611150741577148
2022-11-22,10.721134185791016
2022-11-23,10.80160903930664
2022-11-25,10.80160903930664
2022-11-28,10.721134185791016
2022-11-29,10.828434944152832
2022-11-30,11.043036460876465
2022-12-01,11.06986141204834
2022-12-02,11.177162170410156
2022-12-05,10.971502304077148
2022-12-06,10.864201545715332
2022-12-07,10.846319198608398
2022-12-08,11.114571571350098
2022-12-09,11.060919761657715
2022-12-12,11.15927791595459
2022-12-13,11.230813980102539
2022-12-14,11.15927791595459
2022-12-15,10.96256160736084
2022-12-16,10.80160903930664
2022-12-19,10.747960090637207
2022-12-20,10.774784088134766
2022-12-21,10.819494247436523
2022-12-22,10.71219253540039
2022-12-23,10.783727645874023
2022-12-27,10.80160903930664
2022-12-28,10.649599075317383
2022-12-29,10.747960090637207
2022-12-30,10.649599075317383
2023-01-03,10.658541679382324
2023-01-04,10.756900787353516
2023-01-05,10.658541679382324
2023-01-06,10.908909797668457
2023-01-09,10.908909797668457
2023-01-10,10.83737564086914
2023-01-11,10.891027450561523
2023-01-12,10.908909797668457
2023-01-13,10.846319198608398
2023-01-17,10.864201545715332
2023-01-18,10.62277603149414
2023-01-19,10.506532669067383
2023-01-20,10.62277603149414
2023-01-23,10.73007583618164
2023-01-24,10.497591972351074
2023-01-25,10.533356666564941
2023-01-26,10.578065872192383
2023-01-27,10.685365676879883
2023-01-30,10.533356666564941
2023-01-31,10.783727645874023
2023-02-01,10.7926664352417
2023-02-02,10.908909797668457
2023-02-03,10.756900787353516
2023-02-06,10.667485237121582
2023-02-07,10.631717681884766
2023-02-08,10.068387985229492
2023-02-09,10.032621383666992
2023-02-10,10.130980491638184
2023-02-13,10.238280296325684
2023-02-14,10.193571090698242
2023-02-15,10.291930198669434
2023-02-16,10.202512741088867
2023-02-17,10.211455345153809
2023-02-21,9.90743637084961
2023-02-22,9.96108627319336
2023-02-23,10.104156494140625
2023-02-24,10.08626937866211
2023-02-27,10.130980491638184
2023-02-28,10.070412635803223
2023-03-01,10.079451560974121
2023-03-02,10.13369083404541
2023-03-03,10.15177059173584
2023-03-06,9.989054679870605
2023-03-07,9.871537208557129
2023-03-08,9.89865493774414
2023-03-09,9.808257102966309
2023-03-10,9.708819389343262
2023-03-13,9.71785831451416
2023-03-14,9.844416618347168
2023-03-15,9.708819389343262
2023-03-16,9.75401782989502
2023-03-17,9.672658920288086
2023-03-20,9.871537208557129
2023-03-21,9.934814453125
2023-03-22,9.772098541259766
2023-03-23,9.799217224121094
2023-03-24,9.880576133728027
2023-03-27,9.91673469543457
2023-03-28,9.97097396850586
2023-03-29,10.043292999267578
2023-03-30,10.070412635803223
2023-03-31,10.287368774414062
2023-04-03,10.21505069732666
2023-04-04,10.142731666564941
2023-04-05,10.224090576171875
2023-04-06,10.16985034942627
2023-04-10,10.025214195251465
2023-04-11,9.934814453125
2023-04-12,9.961935997009277
2023-04-13,10.11561393737793
2023-04-14,10.03425407409668
2023-04-17,10.03425407409668
2023-04-18,10.088492393493652
2023-04-19,10.016173362731934
2023-04-20,9.961935997009277
2023-04-21,9.99809455871582
2023-04-24,10.007132530212402
2023-04-25,9.781135559082031
2023-04-26,9.6907377243042
2023-04-27,9.871537208557129
2023-04-28,9.91673469543457
2023-05-01,9.99809455871582
2023-05-02,9.871537208557129
2023-05-03,9.048908233642578
2023-05-04,9.229704856872559
2023-05-05,9.41954231262207
2023-05-08,9.45570182800293
2023-05-09,9.32010555267334
2023-05-10,9.392422676086426
2023-05-11,9.365302085876465
2023-05-12,9.311063766479492
2023-05-15,9.365302085876465
2023-05-16,9.23874568939209
2023-05-17,9.265863418579102
2023-05-18,9.23874568939209
2023-05-19,9.247786521911621
2023-05-22,9.283945083618164
2023-05-23,9.259241104125977
2023-05-24,9.094551086425781
2023-05-25,8.975608825683594
2023-05-26,8.95730972290039
2023-05-30,8.911561012268066
2023-05-31,8.820067405700684
2023-06-01,8.89326286315918
2023-06-02,9.121999740600586
2023-06-05,9.149447441101074
2023-06-06,9.149447441101074
2023-06-07,9.250091552734375
2023-06-08,9.222643852233887
2023-06-09,9.158596992492676
2023-06-12,9.176895141601562
2023-06-13,9.295839309692383
2023-06-14,9.295839309692383
2023-06-15,9.405631065368652
2023-06-16,9.46967887878418
2023-06-20,9.323287010192871
2023-06-21,9.286688804626465
2023-06-22,9.213493347167969
2023-06-23,9.030505180358887
2023-06-26,9.1128511428833
2023-06-27,9.213493347167969
2023-06-28,8.975608825683594
2023-06-29,9.057952880859375
2023-06-30,9.131148338317871
2023-07-03,9.222643852233887
2023-07-05,8.929861068725586
2023-07-06,8.993907928466797
2023-07-07,9.094551086425781
2023-07-10,8.884113311767578
2023-07-11,9.030505180358887
2023-07-12,9.04880428314209
2023-07-13,9.131148338317871
2023-07-14,9.085402488708496
2023-07-17,9.039653778076172
2023-07-18,9.103699684143066
2023-07-19,9.131148338317871
2023-07-20,9.103699684143066
2023-07-21,9.167746543884277
2023-07-24,9.250091552734375
2023-07-25,9.31413745880127
2023-07-26,9.286688804626465
2023-07-27,9.31413745880127
2023-07-28,9.350736618041992
2023-07-31,9.387333869934082
2023-08-01,9.158596992492676
2023-08-02,9.012206077575684
2023-08-03,8.939010620117188
2023-08-04,9.012206077575684
2023-08-07,9.067102432250977
2023-08-08,8.884113311767578
2023-08-09,8.874963760375977
2023-08-10,8.89326286315918
2023-08-11,8.865816116333008
2023-08-14,8.829217910766602
2023-08-15,8.673676490783691
2023-08-16,8.609630584716797
2023-08-17,8.756020545959473
2023-08-18,8.756020545959473
2023-08-21,8.64622688293457
2023-08-22,8.518136024475098
2023-08-23,8.57303237915039
2023-08-24,8.600481033325195
2023-08-25,8.618780136108398
2023-08-28,8.719423294067383
2023-08-29,8.884113311767578
2023-08-30,8.920711517333984
2023-08-31,8.911561012268066
2023-09-01,8.948159217834473
2023-09-05,8.673676490783691
2023-09-06,8.602300643920898
2023-09-07,8.481793403625488
2023-09-08,8.574490547180176
2023-09-11,8.741345405578613
2023-09-12,8.750614166259766
2023-09-13,8.5374116897583
2023-09-14,8.8340425491333
2023-09-15,8.66718864440918
2023-09-18,8.602300643920898
2023-09-19,8.518872261047363
2023-09-20,8.583760261535645
2023-09-21,8.44471549987793
2023-09-22,8.389095306396484
2023-09-25,8.518872261047363
2023-09-26,8.435444831848145
2023-09-27,8.37055492401123
2023-09-28,8.50033187866211
2023-09-29,8.49106216430664
2023-10-02,8.398365020751953
2023-10-03,8.277859687805176
2023-10-04,8.389095306396484
2023-10-05,8.277859687805176
2023-10-06,8.203702926635742
2023-10-09,8.324207305908203
2023-10-10,8.333477020263672
2023-10-11,8.296398162841797
2023-10-12,8.05538558959961
2023-10-13,8.073925971984863
2023-10-16,8.240779876708984
2023-10-17,8.203702926635742
2023-10-18,8.02757740020752
2023-10-19,7.99049711227417
2023-10-20,7.888530731201172
2023-10-23,7.832912445068359
2023-10-24,7.999767780303955
2023-10-25,7.934880256652832
2023-10-26,8.046116828918457
2023-10-27,8.02757740020752
2023-10-30,8.212971687316895
2023-10-31,8.240779876708984
2023-11-01,8.073925971984863
2023-11-02,8.16662311553955
2023-11-03,8.44471549987793
2023-11-06,8.398365020751953
2023-11-07,8.389095306396484
2023-11-08,8.407634735107422
2023-11-09,8.333477020263672
2023-11-10,8.407634735107422
2023-11-13,8.296398162841797
2023-11-14,8.583760261535645
2023-11-15,8.66718864440918
2023-11-16,8.602300643920898
2023-11-17,8.6857271194458
2023-11-20,8.6857271194458
2023-11-21,8.681029319763184
2023-11-22,8.718610763549805
2023-11-24,8.793770790100098
2023-11-27,8.78437614440918
2023-11-28,8.737401008605957
2023-11-29,8.91590690612793
2023-11-30,8.906510353088379
2023-12-01,8.981672286987305
2023-12-04,8.906510353088379
2023-12-05,8.8031644821167
2023-12-06,8.84074592590332
2023-12-07,9.056833267211914
2023-12-08,9.066226959228516
2023-12-11,8.991065979003906
2023-12-12,8.868929862976074
2023-12-13,9.15078353881836
2023-12-14,9.122596740722656
2023-12-15,9.019251823425293
2023-12-18,9.09441089630127
2023-12-19,9.15078353881836
2023-12-20,9.038041114807129
2023-12-21,9.122596740722656
2023-12-22,9.09441089630127
2023-12-26,9.09441089630127
2023-12-27,9.13199234008789
2023-12-28,9.122596740722656
2023-12-29,9.056833267211914
2024-01-02,9.160178184509277
2024-01-03,9.019251823425293
2024-01-04,9.056833267211914
2024-01-05,9.15078353881836
2024-01-08,9.216547966003418
2024-01-09,9.17896842956543
2024-01-10,9.169571876525879
2024-01-11,9.244731903076172
2024-01-12,9.160178184509277
2024-01-16,9.000460624694824
2024-01-17,8.887721061706543
2024-01-18,8.878326416015625
2024-01-19,8.897115707397461
2024-01-22,8.887721061706543
2024-01-23,8.897115707397461
2024-01-24,8.746795654296875
2024-01-25,8.897115707397461
2024-01-26,8.962882041931152
2024-01-29,9.000460624694824
2024-01-30,8.981672286987305
2024-01-31,8.859535217285156
2024-02-01,8.887721061706543
2024-02-02,8.821956634521484
2024-02-05,8.662239074707031
2024-02-06,8.624659538269043
2024-02-07,8.812560081481934
2024-02-08,8.60586929321289
2024-02-09,8.54949951171875
2024-02-12,8.624659538269043
2024-02-13,8.342808723449707
2024-02-14,8.408573150634766
2024-02-15,8.44615364074707
2024-02-16,8.493128776550293
2024-02-20,8.568289756774902
2024-02-21,8.652844429016113
2024-02-22,8.699819564819336
2024-02-23,8.70921516418457
2024-02-26,8.587079048156738
2024-02-27,8.525163650512695
2024-02-28,8.448962211608887
2024-02-29,8.62994384765625
2024-03-01,8.65851879119873
2024-03-04,8.734722137451172
2024-03-05,8.734722137451172
2024-03-06,8.763297080993652
2024-03-07,8.972855567932129
2024-03-08,8.915701866149902
2024-03-11,9.020482063293457
2024-03-12,9.039532661437988
2024-03-13,9.068107604980469
2024-03-14,8.982378959655762
2024-03-15,9.030006408691406
2024-03-18,8.972855567932129
2024-03-19,8.93475341796875
2024-03-20,8.71567153930664
2024-03-21,8.839500427246094
2024-03-22,8.791873931884766
2024-03-25,8.849026679992676
2024-03-26,8.753771781921387
2024-03-27,9.030006408691406
2024-03-28,9.05858325958252
2024-04-01,9.001431465148926
2024-04-02,8.868077278137207
2024-04-03,8.744247436523438
2024-04-04,8.734722137451172
2024-04-05,8.772823333740234
2024-04-08,8.71567153930664
2024-04-09,8.93475341796875
2024-04-10,8.677568435668945
2024-04-11,8.6394681930542
2024-04-12,8.48706340789795
2024-04-15,8.515639305114746
2024-04-16,8.41086196899414
2024-04-17,8.41086196899414
2024-04-18,8.477538108825684
2024-04-19,8.54421615600586
2024-04-22,8.601366996765137
2024-04-23,8.553740501403809
2024-04-24,8.62994384765625
2024-04-25,8.525163650512695
2024-04-26,8.54421615600586
2024-04-29,8.620418548583984
2024-04-30,8.515639305114746
2024-05-01,9.334817886352539
2024-05-02,9.401494026184082
2024-05-03,9.534850120544434
2024-05-06,9.611051559448242
2024-05-07,9.639627456665039
2024-05-08,9.734881401062012
2024-05-09,9.830133438110352
2024-05-10,9.868236541748047
2024-05-13,9.87775993347168
2024-05-14,9.934913635253906
2024-05-15,9.849184036254883
2024-05-16,9.868236541748047
2024-05-17,9.782508850097656
2024-05-20,9.592000961303711
2024-05-21,9.712564468383789
2024-05-22,9.712564468383789
2024-05-23,9.529308319091797
2024-05-24,9.587177276611328
2024-05-28,9.48108196258545
2024-05-29,9.384631156921387
2024-05-30,9.529308319091797
2024-05-31,9.809014320373535
2024-06-03,9.847594261169434
2024-06-04,9.818658828735352
2024-06-05,9.847594261169434
2024-06-06,9.799368858337402
2024-06-07,9.654694557189941
2024-06-10,9.558242797851562
2024-06-11,9.625758171081543
2024-06-12,9.69327449798584
2024-06-13,9.683629035949707
2024-06-14,9.60646915435791
2024-06-17,9.60646915435791
2024-06-18,9.616113662719727
2024-06-20,9.529308319091797
2024-06-21,9.596823692321777
2024-06-24,9.654694557189941
2024-06-25,9.529308319091797
2024-06-26,9.490727424621582
2024-06-27,9.461792945861816
2024-06-28,9.432856559753418
2024-07-01,9.259246826171875
2024-07-02,9.23995590209961
2024-07-03,9.278535842895508
2024-07-05,9.162796020507812
2024-07-08,9.28818130493164
2024-07-09,9.220666885375977
2024-07-10,9.403922080993652
2024-07-11,9.461792945861816
2024-07-12,9.558242797851562
2024-07-15,9.490727424621582
2024-07-16,9.712564468383789
2024-07-17,9.963335037231445
2024-07-18,9.953689575195312
2024-07-19,9.751144409179688
2024-07-22,9.789724349975586
2024-07-23,9.712564468383789
2024-07-24,9.722208976745605
2024-07-25,9.789724349975586
2024-07-26,10.011560440063477
2024-07-29,10.050140380859375
2024-07-30,10.108010292053223
2024-07-31,10.156235694885254
2024-08-01,10.127300262451172
2024-08-02,10.146592140197754
2024-08-05,9.92475414276123
2024-08-06,10.117655754089355
2024-08-07,10.02120590209961
2024-08-08,10.233396530151367
2024-08-09,10.185172080993652
2024-08-12,10.127300262451172
2024-08-13,10.320201873779297
2024-08-14,10.281621932983398
2024-08-15,10.464877128601074
2024-08-16,10.07907485961914
2024-08-19,10.2430419921875
2024-08-20,10.407008171081543
2024-08-21,10.542037963867188
2024-08-22,10.542037963867188
2024-08-23,10.70600414276123
2024-08-26,10.773519515991211
2024-08-27,10.763874053955078
2024-08-28,10.841034889221191
2024-08-29,10.908550262451172
2024-08-30,11.033935546875
2024-09-03,10.908550262451172
2024-09-04,10.927840232849121
2024-09-05,10.821744918823242
2024-09-06,10.807114601135254
2024-09-09,10.826622009277344
2024-09-10,10.758345603942871
2024-09-11,10.631546974182129
2024-09-12,10.612039566040039
2024-09-13,10.719330787658691
2024-09-16,10.846129417419434
2024-09-17,10.719330787658691
2024-09-18,10.738838195800781
2024-09-19,10.836374282836914
2024-09-20,10.631546974182129
2024-09-23,10.807114601135254
2024-09-24,10.91440486907959
2024-09-25,10.807114601135254
2024-09-26,11.070464134216309
2024-09-27,11.070464134216309
2024-09-30,11.050956726074219
2024-10-01,11.041202545166016
2024-10-02,10.95341968536377
2024-10-03,10.875389099121094
2024-10-04,10.924158096313477
2024-10-07,10.836374282836914
2024-10-08,10.807114601135254
2024-10-09,10.777853012084961
2024-10-10,10.826622009277344
2024-10-11,10.91440486907959
2024-10-14,11.060710906982422
2024-10-15,11.089971542358398
2024-10-16,11.021696090698242
2024-10-17,10.97292709350586
2024-10-18,10.963172912597656
2024-10-21,10.846129417419434
2024-10-22,10.719330787658691
2024-10-23,10.768098831176758
2024-10-24,10.79736042022705
2024-10-25,10.729084014892578
2024-10-28,10.807114601135254
2024-10-29,10.660808563232422
2024-10-30,10.787606239318848
2024-10-31,10.85588264465332
2024-11-01,10.007309913635254
2024-11-04,9.948787689208984
2024-11-05,10.007309913635254
2024-11-06,9.948787689208984
2024-11-07,9.958540916442871
2024-11-08,9.968295097351074
2024-11-11,10.056078910827637
2024-11-12,9.939032554626465
2024-11-13,9.861003875732422
2024-11-14,9.929280281066895
2024-11-15,9.968295097351074
2024-11-18,9.900018692016602
2024-11-19,9.646422386169434
2024-11-20,10.085339546203613
2024-11-21,10.340139389038086
2024-11-22,10.359890937805176
2024-11-25,10.350014686584473
2024-11-26,10.26113224029541
2024-11-27,10.369767189025879
2024-11-29,10.508030891418457
2024-12-02,10.438899040222168
2024-12-03,10.429023742675781
2024-12-04,10.340139389038086
2024-12-05,10.112991333007812
2024-12-06,10.053736686706543
2024-12-09,10.073488235473633
2024-12-10,10.004356384277344
2024-12-11,9.895721435546875
2024-12-12,9.866092681884766
2024-12-13,9.77720832824707
2024-12-16,9.7179536819458
2024-12-17,9.6093168258667
2024-12-18,9.322914123535156
2024-12-19,9.28341007232666
2024-12-20,9.28341007232666
2024-12-23,9.31303882598877
2024-12-24,9.372294425964355
2024-12-26,9.342666625976562
2024-12-27,9.322914123535156
2024-12-30,9.224154472351074
2024-12-31,9.293286323547363
2025-01-02,9.234030723571777
2025-01-03,9.214279174804688
2025-01-06,9.31303882598877
2025-01-07,9.382170677185059
2025-01-08,9.431550025939941
2025-01-10,9.293286323547363
2025-01-13,9.401922225952148
2025-01-14,9.401922225952148
2025-01-15,9.490805625915527
2025-01-16,9.579689025878906
2025-01-17,9.579689025878906
2025-01-21,9.668573379516602
2025-01-22,9.599441528320312
2025-01-23,9.648821830749512
2025-01-24,9.638945579528809
2025-01-27,9.767333030700684
2025-01-28,9.688325881958008
2025-01-29,9.629069328308105
2025-01-30,9.629069328308105
2025-01-31,9.599441528320312
2025-02-03,9.441426277160645
2025-02-04,9.925348281860352
2025-02-05,10.093240737915039
2025-02-06,9.905596733093262
2025-02-07,9.895721435546875
2025-02-10,9.915472984313965
2025-02-11,9.905596733093262
2025-02-12,9.866092681884766
2025-02-13,9.97472858428955
2025-02-14,9.945099830627441
2025-02-18,10.04386043548584
2025-02-19,10.073488235473633
2025-02-20,10.26113224029541
2025-02-21,10.122867584228516
2025-02-24,10.132743835449219
2025-02-25,10.191999435424805
2025-02-26,10.09000015258789
2025-02-27,10.0600004196167
2025-02-28,10.119999885559082
2025-03-03,10.130000114440918
2025-03-04,9.960000038146973
2025-03-05,10.069999694824219
2025-03-06,10.109999656677246
2025-03-07,10.289999961853027
2025-03-10,10.260000228881836
2025-03-11,10.0
2025-03-12,9.930000305175781
2025-03-13,9.630000114440918
2025-03-14,9.779999732971191
2025-03-17,9.84000015258789
2025-03-18,9.920000076293945
2025-03-19,9.84000015258789
2025-03-20,9.720000267028809
2025-03-21,9.4399995803833
2025-03-24,9.550000190734863
2025-03-25,9.4399995803833
2025-03-26,9.600000381469727
2025-03-27,9.710000038146973
2025-03-28,9.640000343322754
2025-03-31,9.699999809265137
2025-04-01,9.8100004196167
2025-04-02,9.800000190734863
2025-04-03,9.569999694824219
2025-04-04,9.220000267028809
2025-04-07,8.920000076293945
2025-04-08,8.569999694824219
2025-04-09,9.020000457763672
2025-04-10,9.020000457763672
2025-04-11,9.329999923706055
2025-04-14,9.539999961853027
2025-04-15,9.359999656677246
2025-04-16,9.25
2025-04-17,9.390000343322754
2025-04-21,9.3100004196167
2025-04-22,9.5600004196167
2025-04-23,9.520000457763672
2025-04-24,9.65999984741211
2025-04-25,9.539999961853027
2025-04-28,9.630000114440918
2025-04-29,9.329999923706055
2025-04-30,9.199999809265137
2025-05-01,9.079999923706055
2025-05-02,9.319999694824219
2025-05-05,9.3100004196167
2025-05-06,9.180000305175781
2025-05-07,9.109999656677246
2025-05-08,9.170000076293945
2025-05-09,9.119999885559082
2025-05-12,9.34000015258789
2025-05-13,9.170000076293945
2025-05-14,9.180000305175781
2025-05-15,9.3100004196167
2025-05-16,9.4399995803833
2025-05-19,9.4399995803833
2025-05-20,9.300000190734863
2025-05-21,9.180000305175781
2025-05-22,9.029999732971191
2025-05-23,8.960000038146973
2025-05-27,9.170000076293945
2025-05-28,9.029999732971191
2025-05-29,9.079999923706055
2025-05-30,9.109999656677246
2025-06-02,9.029999732971191
2025-06-03,9.100000381469727
2025-06-04,9.069999694824219
2025-06-05,9.039999961853027
2025-06-06,9.109999656677246
2025-06-09,9.180000305175781
2025-06-10,9.239999771118164
2025-06-11,9.15999984741211
2025-06-12,9.239999771118164
2025-06-13,9.100000381469727
2025-06-16,9.1899995803833
2025-06-17,9.069999694824219
2025-06-18,9.050000190734863
2025-06-20,8.970000267028809
2025-06-23,9.069999694824219
2025-06-24,9.180000305175781
2025-06-25,9.050000190734863
2025-06-26,9.210000038146973
2025-06-27,9.1899995803833
2025-06-30,9.1899995803833
2025-07-01,9.470000267028809
2025-07-02,9.6899995803833
2025-07-03,9.630000114440918
2025-07-07,9.680000305175781
2025-07-08,9.819999694824219
2025-07-09,9.800000190734863
2025-07-10,9.829999923706055
2025-07-11,9.65999984741211
